Q,GroupName,Range_q,Azimuth_q,Dataset,DatasetIdx,CStart,PSNR,SSIM
1,R1A1_NoUp,1,1,SAR_Dataset_Bangkok_1,1,840,23.5591316223145,0.630439221858978
1,R1A1_NoUp,1,1,SAR_Dataset_Bangkok_1,1,2520,23.8997077941895,0.605362117290497
1,R1A1_NoUp,1,1,SAR_Dataset_Bangkok_1,1,4200,22.8331985473633,0.567643225193024
1,R1A1_NoUp,1,1,SAR_Dataset_Bangkok_1,1,5880,22.3428134918213,0.497185319662094
1,R1A1_NoUp,1,1,SAR_Dataset_Bangkok_1,1,7560,23.9820442199707,0.599560439586639
1,R1A1_NoUp,1,1,SAR_Dataset_Bangkok_1,1,9241,23.0722522735596,0.61788809299469
1,R1A1_NoUp,1,1,SAR_Dataset_Bangkok_1,1,10921,23.1330585479736,0.621313035488129
1,R1A1_NoUp,1,1,SAR_Dataset_Bangkok_1,1,12601,23.7590427398682,0.645965695381165
1,R1A1_NoUp,1,1,SAR_Dataset_Bangkok_1,1,14281,24.5632724761963,0.624216973781586
1,R1A1_NoUp,1,1,SAR_Dataset_Bangkok_1,1,15961,23.5093269348145,0.632630825042725
1,R1A1_NoUp,1,1,SAR_Dataset_city1_histeq,2,450,22.2517890930176,0.654914200305939
1,R1A1_NoUp,1,1,SAR_Dataset_city1_histeq,2,1350,23.7508563995361,0.664153695106506
1,R1A1_NoUp,1,1,SAR_Dataset_city1_histeq,2,2250,22.584644317627,0.655510127544403
1,R1A1_NoUp,1,1,SAR_Dataset_city1_histeq,2,3150,22.8208084106445,0.626840710639954
1,R1A1_NoUp,1,1,SAR_Dataset_city1_histeq,2,4050,21.6341018676758,0.651711583137512
1,R1A1_NoUp,1,1,SAR_Dataset_city1_histeq,2,4951,21.7045421600342,0.663435697555542
1,R1A1_NoUp,1,1,SAR_Dataset_city1_histeq,2,5851,22.9538421630859,0.6380335688591
1,R1A1_NoUp,1,1,SAR_Dataset_city1_histeq,2,6751,23.3043842315674,0.609057486057281
1,R1A1_NoUp,1,1,SAR_Dataset_city1_histeq,2,7651,23.2514533996582,0.595253050327301
1,R1A1_NoUp,1,1,SAR_Dataset_city1_histeq,2,8551,24.4387397766113,0.628567397594452
1,R1A1_NoUp,1,1,SAR_Dataset_city2_histeq,3,450,22.4304046630859,0.564278185367584
1,R1A1_NoUp,1,1,SAR_Dataset_city2_histeq,3,1350,24.1723747253418,0.608139157295227
1,R1A1_NoUp,1,1,SAR_Dataset_city2_histeq,3,2250,24.7146034240723,0.619794964790344
1,R1A1_NoUp,1,1,SAR_Dataset_city2_histeq,3,3150,24.375732421875,0.596505343914032
1,R1A1_NoUp,1,1,SAR_Dataset_city2_histeq,3,4050,23.6146354675293,0.631975471973419
1,R1A1_NoUp,1,1,SAR_Dataset_city2_histeq,3,4951,24.9210815429688,0.62969982624054
1,R1A1_NoUp,1,1,SAR_Dataset_city2_histeq,3,5851,23.8099689483643,0.600680410861969
1,R1A1_NoUp,1,1,SAR_Dataset_city2_histeq,3,6751,22.926607131958,0.600649654865265
1,R1A1_NoUp,1,1,SAR_Dataset_city2_histeq,3,7651,23.6041736602783,0.589659094810486
1,R1A1_NoUp,1,1,SAR_Dataset_city2_histeq,3,8551,22.871561050415,0.630274295806885
1,R1A1_NoUp,1,1,SAR_Dataset_SAR_figure,4,375,24.2219696044922,0.564409971237183
1,R1A1_NoUp,1,1,SAR_Dataset_SAR_figure,4,1125,23.3973579406738,0.63447368144989
1,R1A1_NoUp,1,1,SAR_Dataset_SAR_figure,4,1875,21.4234008789062,0.673441648483276
1,R1A1_NoUp,1,1,SAR_Dataset_SAR_figure,4,2625,21.9237098693848,0.680563449859619
1,R1A1_NoUp,1,1,SAR_Dataset_SAR_figure,4,3375,22.4303207397461,0.664955854415894
1,R1A1_NoUp,1,1,SAR_Dataset_SAR_figure,4,4126,21.6079330444336,0.673817038536072
1,R1A1_NoUp,1,1,SAR_Dataset_SAR_figure,4,4876,22.8622131347656,0.651695191860199
1,R1A1_NoUp,1,1,SAR_Dataset_SAR_figure,4,5626,21.6272277832031,0.666207551956177
1,R1A1_NoUp,1,1,SAR_Dataset_SAR_figure,4,6376,22.7955055236816,0.644593417644501
1,R1A1_NoUp,1,1,SAR_Dataset_SAR_figure,4,7126,23.9428596496582,0.576326727867126
1,R1A1_NoUp,1,1,SAR_Dataset_filed,5,480,21.4565830230713,0.68536901473999
1,R1A1_NoUp,1,1,SAR_Dataset_filed,5,1440,22.4086093902588,0.675646960735321
1,R1A1_NoUp,1,1,SAR_Dataset_filed,5,2400,25.0795364379883,0.624230444431305
1,R1A1_NoUp,1,1,SAR_Dataset_filed,5,3360,20.5635032653809,0.624433517456055
1,R1A1_NoUp,1,1,SAR_Dataset_filed,5,4320,19.459135055542,0.653347969055176
1,R1A1_NoUp,1,1,SAR_Dataset_filed,5,5281,22.9871387481689,0.634100556373596
1,R1A1_NoUp,1,1,SAR_Dataset_filed,5,6241,23.4821968078613,0.628754675388336
1,R1A1_NoUp,1,1,SAR_Dataset_filed,5,7201,22.6140365600586,0.679981648921967
1,R1A1_NoUp,1,1,SAR_Dataset_filed,5,8161,23.1259498596191,0.675576627254486
1,R1A1_NoUp,1,1,SAR_Dataset_filed,5,9121,26.2714786529541,0.676696300506592
1,R1A1_NoUp,1,1,SAR_Dataset_port,6,720,22.3438606262207,0.606441020965576
1,R1A1_NoUp,1,1,SAR_Dataset_port,6,2160,21.7178325653076,0.659858703613281
1,R1A1_NoUp,1,1,SAR_Dataset_port,6,3600,22.1489562988281,0.65613716840744
1,R1A1_NoUp,1,1,SAR_Dataset_port,6,5040,21.7192611694336,0.65972113609314
1,R1A1_NoUp,1,1,SAR_Dataset_port,6,6480,23.2159156799316,0.643560647964478
1,R1A1_NoUp,1,1,SAR_Dataset_port,6,7921,21.3616676330566,0.657331049442291
1,R1A1_NoUp,1,1,SAR_Dataset_port,6,9361,22.1198062896729,0.660266757011414
1,R1A1_NoUp,1,1,SAR_Dataset_port,6,10801,21.9650096893311,0.657596826553345
1,R1A1_NoUp,1,1,SAR_Dataset_port,6,12241,23.0359554290771,0.65037202835083
1,R1A1_NoUp,1,1,SAR_Dataset_port,6,13681,25.7487373352051,0.70516037940979
1,R1A1_NoUp,1,1,SAR_Dataset_suburb,7,705,23.8799896240234,0.662233829498291
1,R1A1_NoUp,1,1,SAR_Dataset_suburb,7,2115,24.9887676239014,0.689576923847198
1,R1A1_NoUp,1,1,SAR_Dataset_suburb,7,3525,24.9361228942871,0.660068333148956
1,R1A1_NoUp,1,1,SAR_Dataset_suburb,7,4935,22.3656234741211,0.654175519943237
1,R1A1_NoUp,1,1,SAR_Dataset_suburb,7,6345,21.4057540893555,0.641792297363281
1,R1A1_NoUp,1,1,SAR_Dataset_suburb,7,7756,23.9430274963379,0.626457035541534
1,R1A1_NoUp,1,1,SAR_Dataset_suburb,7,9166,23.6797351837158,0.60067355632782
1,R1A1_NoUp,1,1,SAR_Dataset_suburb,7,10576,22.7765808105469,0.650149941444397
1,R1A1_NoUp,1,1,SAR_Dataset_suburb,7,11986,23.6853179931641,0.636478126049042
1,R1A1_NoUp,1,1,SAR_Dataset_suburb,7,13396,22.1086540222168,0.646633327007294
4,R1A4,1,4,SAR_Dataset_Bangkok_1,1,840,27.5407943725586,0.802044272422791
4,R1A4,1,4,SAR_Dataset_Bangkok_1,1,2520,26.1534385681152,0.756928145885468
4,R1A4,1,4,SAR_Dataset_Bangkok_1,1,4200,26.4890899658203,0.75232195854187
4,R1A4,1,4,SAR_Dataset_Bangkok_1,1,5880,25.1705837249756,0.671663820743561
4,R1A4,1,4,SAR_Dataset_Bangkok_1,1,7560,27.211597442627,0.76938670873642
4,R1A4,1,4,SAR_Dataset_Bangkok_1,1,9241,26.34547996521,0.786061882972717
4,R1A4,1,4,SAR_Dataset_Bangkok_1,1,10921,26.6234664916992,0.790565431118011
4,R1A4,1,4,SAR_Dataset_Bangkok_1,1,12601,25.7596225738525,0.782208740711212
4,R1A4,1,4,SAR_Dataset_Bangkok_1,1,14281,26.3129272460938,0.759275674819946
4,R1A4,1,4,SAR_Dataset_Bangkok_1,1,15961,26.1642913818359,0.787754833698273
4,R1A4,1,4,SAR_Dataset_city1_histeq,2,450,26.0344581604004,0.812961518764496
4,R1A4,1,4,SAR_Dataset_city1_histeq,2,1350,26.7783737182617,0.810709297657013
4,R1A4,1,4,SAR_Dataset_city1_histeq,2,2250,24.9182243347168,0.801240682601929
4,R1A4,1,4,SAR_Dataset_city1_histeq,2,3150,25.6840629577637,0.788513898849487
4,R1A4,1,4,SAR_Dataset_city1_histeq,2,4050,23.5648632049561,0.794296264648438
4,R1A4,1,4,SAR_Dataset_city1_histeq,2,4951,25.1016025543213,0.814219117164612
4,R1A4,1,4,SAR_Dataset_city1_histeq,2,5851,25.4429912567139,0.782096028327942
4,R1A4,1,4,SAR_Dataset_city1_histeq,2,6751,25.5192584991455,0.753169894218445
4,R1A4,1,4,SAR_Dataset_city1_histeq,2,7651,26.1845550537109,0.75089818239212
4,R1A4,1,4,SAR_Dataset_city1_histeq,2,8551,27.3346424102783,0.776322424411774
4,R1A4,1,4,SAR_Dataset_city2_histeq,3,450,26.2168731689453,0.742767453193665
4,R1A4,1,4,SAR_Dataset_city2_histeq,3,1350,26.7994594573975,0.755681574344635
4,R1A4,1,4,SAR_Dataset_city2_histeq,3,2250,27.5258274078369,0.767487347126007
4,R1A4,1,4,SAR_Dataset_city2_histeq,3,3150,27.3148765563965,0.757536888122559
4,R1A4,1,4,SAR_Dataset_city2_histeq,3,4050,26.3918418884277,0.776182353496552
4,R1A4,1,4,SAR_Dataset_city2_histeq,3,4951,27.5799198150635,0.773218214511871
4,R1A4,1,4,SAR_Dataset_city2_histeq,3,5851,27.3104381561279,0.764556229114532
4,R1A4,1,4,SAR_Dataset_city2_histeq,3,6751,26.1578845977783,0.757785618305206
4,R1A4,1,4,SAR_Dataset_city2_histeq,3,7651,27.0546627044678,0.755596339702606
4,R1A4,1,4,SAR_Dataset_city2_histeq,3,8551,24.9939746856689,0.770078182220459
4,R1A4,1,4,SAR_Dataset_SAR_figure,4,375,26.5817165374756,0.724403500556946
4,R1A4,1,4,SAR_Dataset_SAR_figure,4,1125,25.7974662780762,0.775087416172028
4,R1A4,1,4,SAR_Dataset_SAR_figure,4,1875,24.4314956665039,0.813414037227631
4,R1A4,1,4,SAR_Dataset_SAR_figure,4,2625,22.8155364990234,0.79749584197998
4,R1A4,1,4,SAR_Dataset_SAR_figure,4,3375,24.6818580627441,0.797337830066681
4,R1A4,1,4,SAR_Dataset_SAR_figure,4,4126,24.145923614502,0.808250188827515
4,R1A4,1,4,SAR_Dataset_SAR_figure,4,4876,25.0917892456055,0.787963211536407
4,R1A4,1,4,SAR_Dataset_SAR_figure,4,5626,23.466609954834,0.796302258968353
4,R1A4,1,4,SAR_Dataset_SAR_figure,4,6376,25.0043334960938,0.785217344760895
4,R1A4,1,4,SAR_Dataset_SAR_figure,4,7126,27.0956764221191,0.756669342517853
4,R1A4,1,4,SAR_Dataset_filed,5,480,24.4806442260742,0.832136571407318
4,R1A4,1,4,SAR_Dataset_filed,5,1440,24.7059078216553,0.807413458824158
4,R1A4,1,4,SAR_Dataset_filed,5,2400,27.5915679931641,0.769634902477264
4,R1A4,1,4,SAR_Dataset_filed,5,3360,22.7339630126953,0.755396604537964
4,R1A4,1,4,SAR_Dataset_filed,5,4320,20.9912719726562,0.780766606330872
4,R1A4,1,4,SAR_Dataset_filed,5,5281,26.140983581543,0.790346205234528
4,R1A4,1,4,SAR_Dataset_filed,5,6241,26.3040466308594,0.78123950958252
4,R1A4,1,4,SAR_Dataset_filed,5,7201,25.2972564697266,0.823175072669983
4,R1A4,1,4,SAR_Dataset_filed,5,8161,25.991569519043,0.815633535385132
4,R1A4,1,4,SAR_Dataset_filed,5,9121,29.0326690673828,0.823945641517639
4,R1A4,1,4,SAR_Dataset_port,6,720,25.7773113250732,0.777315378189087
4,R1A4,1,4,SAR_Dataset_port,6,2160,24.019962310791,0.801272749900818
4,R1A4,1,4,SAR_Dataset_port,6,3600,24.6748962402344,0.798244535923004
4,R1A4,1,4,SAR_Dataset_port,6,5040,24.5451316833496,0.808649480342865
4,R1A4,1,4,SAR_Dataset_port,6,6480,26.0854053497314,0.796365082263947
4,R1A4,1,4,SAR_Dataset_port,6,7921,23.5407409667969,0.795096099376678
4,R1A4,1,4,SAR_Dataset_port,6,9361,24.5898246765137,0.806786179542542
4,R1A4,1,4,SAR_Dataset_port,6,10801,23.8931293487549,0.785879194736481
4,R1A4,1,4,SAR_Dataset_port,6,12241,24.715539932251,0.767377257347107
4,R1A4,1,4,SAR_Dataset_port,6,13681,29.1758766174316,0.844484031200409
4,R1A4,1,4,SAR_Dataset_suburb,7,705,26.2753963470459,0.803776383399963
4,R1A4,1,4,SAR_Dataset_suburb,7,2115,27.3342018127441,0.816802620887756
4,R1A4,1,4,SAR_Dataset_suburb,7,3525,27.3063697814941,0.803694188594818
4,R1A4,1,4,SAR_Dataset_suburb,7,4935,24.8140602111816,0.797060251235962
4,R1A4,1,4,SAR_Dataset_suburb,7,6345,23.7971382141113,0.784426331520081
4,R1A4,1,4,SAR_Dataset_suburb,7,7756,26.9738502502441,0.782146871089935
4,R1A4,1,4,SAR_Dataset_suburb,7,9166,26.6354560852051,0.767734706401825
4,R1A4,1,4,SAR_Dataset_suburb,7,10576,26.1071319580078,0.805305898189545
4,R1A4,1,4,SAR_Dataset_suburb,7,11986,26.0072612762451,0.781771242618561
4,R1A4,1,4,SAR_Dataset_suburb,7,13396,24.4748764038086,0.789968490600586
4,R2A2,2,2,SAR_Dataset_Bangkok_1,1,840,27.6784229278564,0.814476668834686
4,R2A2,2,2,SAR_Dataset_Bangkok_1,1,2520,26.157356262207,0.767859637737274
4,R2A2,2,2,SAR_Dataset_Bangkok_1,1,4200,27.0675449371338,0.776872932910919
4,R2A2,2,2,SAR_Dataset_Bangkok_1,1,5880,25.3532524108887,0.686285436153412
4,R2A2,2,2,SAR_Dataset_Bangkok_1,1,7560,27.2988624572754,0.783989727497101
4,R2A2,2,2,SAR_Dataset_Bangkok_1,1,9241,26.4896488189697,0.803096294403076
4,R2A2,2,2,SAR_Dataset_Bangkok_1,1,10921,26.8783740997314,0.803373277187347
4,R2A2,2,2,SAR_Dataset_Bangkok_1,1,12601,26.0502548217773,0.800203919410706
4,R2A2,2,2,SAR_Dataset_Bangkok_1,1,14281,27.3951187133789,0.79424113035202
4,R2A2,2,2,SAR_Dataset_Bangkok_1,1,15961,26.148509979248,0.797818899154663
4,R2A2,2,2,SAR_Dataset_city1_histeq,2,450,26.4668769836426,0.830765783786774
4,R2A2,2,2,SAR_Dataset_city1_histeq,2,1350,27.097095489502,0.827563285827637
4,R2A2,2,2,SAR_Dataset_city1_histeq,2,2250,24.7332191467285,0.811439573764801
4,R2A2,2,2,SAR_Dataset_city1_histeq,2,3150,26.1058597564697,0.806490540504456
4,R2A2,2,2,SAR_Dataset_city1_histeq,2,4050,24.426570892334,0.819677233695984
4,R2A2,2,2,SAR_Dataset_city1_histeq,2,4951,25.4302520751953,0.830679774284363
4,R2A2,2,2,SAR_Dataset_city1_histeq,2,5851,25.9800701141357,0.803659200668335
4,R2A2,2,2,SAR_Dataset_city1_histeq,2,6751,27.037181854248,0.791476726531982
4,R2A2,2,2,SAR_Dataset_city1_histeq,2,7651,26.1534976959229,0.759755373001099
4,R2A2,2,2,SAR_Dataset_city1_histeq,2,8551,27.8050651550293,0.798161208629608
4,R2A2,2,2,SAR_Dataset_city2_histeq,3,450,27.1499099731445,0.773219704627991
4,R2A2,2,2,SAR_Dataset_city2_histeq,3,1350,26.6648845672607,0.780389249324799
4,R2A2,2,2,SAR_Dataset_city2_histeq,3,2250,27.854419708252,0.787311732769012
4,R2A2,2,2,SAR_Dataset_city2_histeq,3,3150,26.9577007293701,0.763825178146362
4,R2A2,2,2,SAR_Dataset_city2_histeq,3,4050,26.7938804626465,0.79607492685318
4,R2A2,2,2,SAR_Dataset_city2_histeq,3,4951,27.5031509399414,0.783269166946411
4,R2A2,2,2,SAR_Dataset_city2_histeq,3,5851,27.1320362091064,0.770633220672607
4,R2A2,2,2,SAR_Dataset_city2_histeq,3,6751,26.9013404846191,0.78744113445282
4,R2A2,2,2,SAR_Dataset_city2_histeq,3,7651,27.7375717163086,0.780737400054932
4,R2A2,2,2,SAR_Dataset_city2_histeq,3,8551,25.4388198852539,0.79193913936615
4,R2A2,2,2,SAR_Dataset_SAR_figure,4,375,26.5615310668945,0.751292884349823
4,R2A2,2,2,SAR_Dataset_SAR_figure,4,1125,26.2111053466797,0.792722761631012
4,R2A2,2,2,SAR_Dataset_SAR_figure,4,1875,25.0062732696533,0.831956923007965
4,R2A2,2,2,SAR_Dataset_SAR_figure,4,2625,24.1235942840576,0.82783967256546
4,R2A2,2,2,SAR_Dataset_SAR_figure,4,3375,24.6685390472412,0.811963260173798
4,R2A2,2,2,SAR_Dataset_SAR_figure,4,4126,24.3324508666992,0.824951410293579
4,R2A2,2,2,SAR_Dataset_SAR_figure,4,4876,25.8798885345459,0.811497569084167
4,R2A2,2,2,SAR_Dataset_SAR_figure,4,5626,24.2355117797852,0.824047386646271
4,R2A2,2,2,SAR_Dataset_SAR_figure,4,6376,25.1881618499756,0.801161289215088
4,R2A2,2,2,SAR_Dataset_SAR_figure,4,7126,27.3048305511475,0.777542889118195
4,R2A2,2,2,SAR_Dataset_filed,5,480,24.9685134887695,0.848386108875275
4,R2A2,2,2,SAR_Dataset_filed,5,1440,25.0671463012695,0.82502406835556
4,R2A2,2,2,SAR_Dataset_filed,5,2400,27.8386211395264,0.78388500213623
4,R2A2,2,2,SAR_Dataset_filed,5,3360,23.0081024169922,0.773081660270691
4,R2A2,2,2,SAR_Dataset_filed,5,4320,21.6677570343018,0.805354833602905
4,R2A2,2,2,SAR_Dataset_filed,5,5281,26.6009998321533,0.811536729335785
4,R2A2,2,2,SAR_Dataset_filed,5,6241,26.6443405151367,0.798024654388428
4,R2A2,2,2,SAR_Dataset_filed,5,7201,25.6260108947754,0.83913654088974
4,R2A2,2,2,SAR_Dataset_filed,5,8161,26.3970642089844,0.831287562847137
4,R2A2,2,2,SAR_Dataset_filed,5,9121,29.2951679229736,0.836351156234741
4,R2A2,2,2,SAR_Dataset_port,6,720,25.4837017059326,0.78730171918869
4,R2A2,2,2,SAR_Dataset_port,6,2160,24.3317260742188,0.819327354431152
4,R2A2,2,2,SAR_Dataset_port,6,3600,24.9672584533691,0.815056264400482
4,R2A2,2,2,SAR_Dataset_port,6,5040,24.7841815948486,0.826824247837067
4,R2A2,2,2,SAR_Dataset_port,6,6480,26.5398235321045,0.817962825298309
4,R2A2,2,2,SAR_Dataset_port,6,7921,23.6272468566895,0.811263561248779
4,R2A2,2,2,SAR_Dataset_port,6,9361,24.0837268829346,0.814176321029663
4,R2A2,2,2,SAR_Dataset_port,6,10801,24.2402439117432,0.804094791412354
4,R2A2,2,2,SAR_Dataset_port,6,12241,25.0106906890869,0.784993052482605
4,R2A2,2,2,SAR_Dataset_port,6,13681,30.0352325439453,0.865927457809448
4,R2A2,2,2,SAR_Dataset_suburb,7,705,26.034294128418,0.813452005386353
4,R2A2,2,2,SAR_Dataset_suburb,7,2115,27.708158493042,0.834212601184845
4,R2A2,2,2,SAR_Dataset_suburb,7,3525,27.7107276916504,0.822556972503662
4,R2A2,2,2,SAR_Dataset_suburb,7,4935,25.2665691375732,0.814509987831116
4,R2A2,2,2,SAR_Dataset_suburb,7,6345,24.0982341766357,0.803159296512604
4,R2A2,2,2,SAR_Dataset_suburb,7,7756,26.9994010925293,0.795004665851593
4,R2A2,2,2,SAR_Dataset_suburb,7,9166,26.8720817565918,0.784619212150574
4,R2A2,2,2,SAR_Dataset_suburb,7,10576,26.572395324707,0.825956344604492
4,R2A2,2,2,SAR_Dataset_suburb,7,11986,26.5066680908203,0.800782978534698
4,R2A2,2,2,SAR_Dataset_suburb,7,13396,24.9730644226074,0.810961484909058
4,R4A1,4,1,SAR_Dataset_Bangkok_1,1,840,27.5151462554932,0.801565527915955
4,R4A1,4,1,SAR_Dataset_Bangkok_1,1,2520,26.1698246002197,0.759448707103729
4,R4A1,4,1,SAR_Dataset_Bangkok_1,1,4200,26.8154430389404,0.763963103294373
4,R4A1,4,1,SAR_Dataset_Bangkok_1,1,5880,24.8268966674805,0.659319281578064
4,R4A1,4,1,SAR_Dataset_Bangkok_1,1,7560,26.6862125396729,0.757161378860474
4,R4A1,4,1,SAR_Dataset_Bangkok_1,1,9241,26.3147945404053,0.787331581115723
4,R4A1,4,1,SAR_Dataset_Bangkok_1,1,10921,26.5875396728516,0.789469599723816
4,R4A1,4,1,SAR_Dataset_Bangkok_1,1,12601,25.4989433288574,0.779291212558746
4,R4A1,4,1,SAR_Dataset_Bangkok_1,1,14281,27.1391181945801,0.777505576610565
4,R4A1,4,1,SAR_Dataset_Bangkok_1,1,15961,26.3806610107422,0.792917609214783
4,R4A1,4,1,SAR_Dataset_city1_histeq,2,450,25.4466991424561,0.805452406406403
4,R4A1,4,1,SAR_Dataset_city1_histeq,2,1350,26.8224906921387,0.812875509262085
4,R4A1,4,1,SAR_Dataset_city1_histeq,2,2250,24.8147754669189,0.799486875534058
4,R4A1,4,1,SAR_Dataset_city1_histeq,2,3150,25.7403736114502,0.790474474430084
4,R4A1,4,1,SAR_Dataset_city1_histeq,2,4050,24.4971961975098,0.806889653205872
4,R4A1,4,1,SAR_Dataset_city1_histeq,2,4951,25.1596717834473,0.816377580165863
4,R4A1,4,1,SAR_Dataset_city1_histeq,2,5851,25.6079196929932,0.786673009395599
4,R4A1,4,1,SAR_Dataset_city1_histeq,2,6751,26.4692497253418,0.768326580524445
4,R4A1,4,1,SAR_Dataset_city1_histeq,2,7651,26.1155281066895,0.748522937297821
4,R4A1,4,1,SAR_Dataset_city1_histeq,2,8551,27.3618049621582,0.77743923664093
4,R4A1,4,1,SAR_Dataset_city2_histeq,3,450,26.9654445648193,0.755831241607666
4,R4A1,4,1,SAR_Dataset_city2_histeq,3,1350,26.8274307250977,0.757436037063599
4,R4A1,4,1,SAR_Dataset_city2_histeq,3,2250,27.407299041748,0.76568466424942
4,R4A1,4,1,SAR_Dataset_city2_histeq,3,3150,26.8543815612793,0.747365176677704
4,R4A1,4,1,SAR_Dataset_city2_histeq,3,4050,26.3952465057373,0.775913894176483
4,R4A1,4,1,SAR_Dataset_city2_histeq,3,4951,27.6761474609375,0.778348505496979
4,R4A1,4,1,SAR_Dataset_city2_histeq,3,5851,27.1813411712646,0.761550188064575
4,R4A1,4,1,SAR_Dataset_city2_histeq,3,6751,26.0360946655273,0.756624758243561
4,R4A1,4,1,SAR_Dataset_city2_histeq,3,7651,27.2104930877686,0.758867263793945
4,R4A1,4,1,SAR_Dataset_city2_histeq,3,8551,25.2550010681152,0.772655189037323
4,R4A1,4,1,SAR_Dataset_SAR_figure,4,375,26.411003112793,0.730956494808197
4,R4A1,4,1,SAR_Dataset_SAR_figure,4,1125,25.4104461669922,0.772215127944946
4,R4A1,4,1,SAR_Dataset_SAR_figure,4,1875,24.5790710449219,0.812180757522583
4,R4A1,4,1,SAR_Dataset_SAR_figure,4,2625,24.4742279052734,0.819688558578491
4,R4A1,4,1,SAR_Dataset_SAR_figure,4,3375,24.6169300079346,0.796267867088318
4,R4A1,4,1,SAR_Dataset_SAR_figure,4,4126,24.1822090148926,0.809348464012146
4,R4A1,4,1,SAR_Dataset_SAR_figure,4,4876,25.496265411377,0.792140781879425
4,R4A1,4,1,SAR_Dataset_SAR_figure,4,5626,23.725757598877,0.801580131053925
4,R4A1,4,1,SAR_Dataset_SAR_figure,4,6376,25.0302391052246,0.786110758781433
4,R4A1,4,1,SAR_Dataset_SAR_figure,4,7126,27.023265838623,0.757722318172455
4,R4A1,4,1,SAR_Dataset_filed,5,480,24.4356269836426,0.831311345100403
4,R4A1,4,1,SAR_Dataset_filed,5,1440,24.9373607635498,0.81040358543396
4,R4A1,4,1,SAR_Dataset_filed,5,2400,27.6515045166016,0.774423897266388
4,R4A1,4,1,SAR_Dataset_filed,5,3360,22.7827568054199,0.758544504642487
4,R4A1,4,1,SAR_Dataset_filed,5,4320,21.55979347229,0.792588651180267
4,R4A1,4,1,SAR_Dataset_filed,5,5281,26.1395473480225,0.791933417320251
4,R4A1,4,1,SAR_Dataset_filed,5,6241,26.02077293396,0.77537214756012
4,R4A1,4,1,SAR_Dataset_filed,5,7201,25.3446197509766,0.825234651565552
4,R4A1,4,1,SAR_Dataset_filed,5,8161,26.0417518615723,0.814441502094269
4,R4A1,4,1,SAR_Dataset_filed,5,9121,28.945499420166,0.820457994937897
4,R4A1,4,1,SAR_Dataset_port,6,720,25.0872592926025,0.767637431621552
4,R4A1,4,1,SAR_Dataset_port,6,2160,24.0010948181152,0.801166236400604
4,R4A1,4,1,SAR_Dataset_port,6,3600,24.2410659790039,0.793348610401154
4,R4A1,4,1,SAR_Dataset_port,6,5040,24.7196044921875,0.812721252441406
4,R4A1,4,1,SAR_Dataset_port,6,6480,26.1323642730713,0.799315631389618
4,R4A1,4,1,SAR_Dataset_port,6,7921,23.5972423553467,0.798862397670746
4,R4A1,4,1,SAR_Dataset_port,6,9361,24.5494441986084,0.807451725006104
4,R4A1,4,1,SAR_Dataset_port,6,10801,23.8301486968994,0.784835696220398
4,R4A1,4,1,SAR_Dataset_port,6,12241,24.4924831390381,0.765392899513245
4,R4A1,4,1,SAR_Dataset_port,6,13681,29.8319091796875,0.853774070739746
4,R4A1,4,1,SAR_Dataset_suburb,7,705,25.9119243621826,0.800758957862854
4,R4A1,4,1,SAR_Dataset_suburb,7,2115,27.3992347717285,0.819385647773743
4,R4A1,4,1,SAR_Dataset_suburb,7,3525,27.226879119873,0.803147912025452
4,R4A1,4,1,SAR_Dataset_suburb,7,4935,24.8889713287354,0.79796689748764
4,R4A1,4,1,SAR_Dataset_suburb,7,6345,23.7535095214844,0.785740911960602
4,R4A1,4,1,SAR_Dataset_suburb,7,7756,26.784122467041,0.778310358524323
4,R4A1,4,1,SAR_Dataset_suburb,7,9166,26.4395446777344,0.764385521411896
4,R4A1,4,1,SAR_Dataset_suburb,7,10576,26.1608619689941,0.805923700332642
4,R4A1,4,1,SAR_Dataset_suburb,7,11986,26.3424949645996,0.785366296768188
4,R4A1,4,1,SAR_Dataset_suburb,7,13396,24.3899059295654,0.789232313632965
6,R1A6,1,6,SAR_Dataset_Bangkok_1,1,840,27.2982177734375,0.808899760246277
6,R1A6,1,6,SAR_Dataset_Bangkok_1,1,2520,26.4243679046631,0.776819169521332
6,R1A6,1,6,SAR_Dataset_Bangkok_1,1,4200,26.9954719543457,0.777075111865997
6,R1A6,1,6,SAR_Dataset_Bangkok_1,1,5880,25.6519870758057,0.699393808841705
6,R1A6,1,6,SAR_Dataset_Bangkok_1,1,7560,27.4919586181641,0.788381934165955
6,R1A6,1,6,SAR_Dataset_Bangkok_1,1,9241,26.4848022460938,0.804871261119843
6,R1A6,1,6,SAR_Dataset_Bangkok_1,1,10921,27.0187664031982,0.808676302433014
6,R1A6,1,6,SAR_Dataset_Bangkok_1,1,12601,25.5097427368164,0.791109442710876
6,R1A6,1,6,SAR_Dataset_Bangkok_1,1,14281,27.8274803161621,0.804874300956726
6,R1A6,1,6,SAR_Dataset_Bangkok_1,1,15961,26.6293983459473,0.807222545146942
6,R1A6,1,6,SAR_Dataset_city1_histeq,2,450,26.513765335083,0.831874132156372
6,R1A6,1,6,SAR_Dataset_city1_histeq,2,1350,27.2103271484375,0.829869031906128
6,R1A6,1,6,SAR_Dataset_city1_histeq,2,2250,25.295841217041,0.818338513374329
6,R1A6,1,6,SAR_Dataset_city1_histeq,2,3150,26.5159378051758,0.814880669116974
6,R1A6,1,6,SAR_Dataset_city1_histeq,2,4050,24.6374320983887,0.822138428688049
6,R1A6,1,6,SAR_Dataset_city1_histeq,2,4951,25.4961471557617,0.831086039543152
6,R1A6,1,6,SAR_Dataset_city1_histeq,2,5851,25.8738613128662,0.800960183143616
6,R1A6,1,6,SAR_Dataset_city1_histeq,2,6751,26.840389251709,0.788142561912537
6,R1A6,1,6,SAR_Dataset_city1_histeq,2,7651,26.4914493560791,0.768869280815125
6,R1A6,1,6,SAR_Dataset_city1_histeq,2,8551,27.8125076293945,0.796841204166412
6,R1A6,1,6,SAR_Dataset_city2_histeq,3,450,27.4911346435547,0.777709722518921
6,R1A6,1,6,SAR_Dataset_city2_histeq,3,1350,27.1839179992676,0.772624313831329
6,R1A6,1,6,SAR_Dataset_city2_histeq,3,2250,27.9215145111084,0.786769509315491
6,R1A6,1,6,SAR_Dataset_city2_histeq,3,3150,27.6236839294434,0.777540802955627
6,R1A6,1,6,SAR_Dataset_city2_histeq,3,4050,26.8392562866211,0.794101655483246
6,R1A6,1,6,SAR_Dataset_city2_histeq,3,4951,27.5708312988281,0.783028364181519
6,R1A6,1,6,SAR_Dataset_city2_histeq,3,5851,27.7143115997314,0.78368878364563
6,R1A6,1,6,SAR_Dataset_city2_histeq,3,6751,26.5100193023682,0.777456402778625
6,R1A6,1,6,SAR_Dataset_city2_histeq,3,7651,27.3612689971924,0.774104833602905
6,R1A6,1,6,SAR_Dataset_city2_histeq,3,8551,25.0909214019775,0.784419894218445
6,R1A6,1,6,SAR_Dataset_SAR_figure,4,375,26.7397708892822,0.751889824867249
6,R1A6,1,6,SAR_Dataset_SAR_figure,4,1125,25.7710647583008,0.791091501712799
6,R1A6,1,6,SAR_Dataset_SAR_figure,4,1875,24.9806327819824,0.8300741314888
6,R1A6,1,6,SAR_Dataset_SAR_figure,4,2625,24.2539138793945,0.827714920043945
6,R1A6,1,6,SAR_Dataset_SAR_figure,4,3375,24.8709259033203,0.811330556869507
6,R1A6,1,6,SAR_Dataset_SAR_figure,4,4126,24.4985084533691,0.82522714138031
6,R1A6,1,6,SAR_Dataset_SAR_figure,4,4876,25.9425182342529,0.810442686080933
6,R1A6,1,6,SAR_Dataset_SAR_figure,4,5626,24.0943050384521,0.818598866462708
6,R1A6,1,6,SAR_Dataset_SAR_figure,4,6376,25.0594711303711,0.79915052652359
6,R1A6,1,6,SAR_Dataset_SAR_figure,4,7126,27.4931888580322,0.782428324222565
6,R1A6,1,6,SAR_Dataset_filed,5,480,25.0105266571045,0.848833501338959
6,R1A6,1,6,SAR_Dataset_filed,5,1440,24.9456577301025,0.821005880832672
6,R1A6,1,6,SAR_Dataset_filed,5,2400,28.0334072113037,0.795720994472504
6,R1A6,1,6,SAR_Dataset_filed,5,3360,23.0723419189453,0.775629281997681
6,R1A6,1,6,SAR_Dataset_filed,5,4320,21.8438949584961,0.808351576328278
6,R1A6,1,6,SAR_Dataset_filed,5,5281,26.6517562866211,0.810705840587616
6,R1A6,1,6,SAR_Dataset_filed,5,6241,26.802282333374,0.801035344600677
6,R1A6,1,6,SAR_Dataset_filed,5,7201,25.6582660675049,0.840162336826324
6,R1A6,1,6,SAR_Dataset_filed,5,8161,26.4329681396484,0.830540299415588
6,R1A6,1,6,SAR_Dataset_filed,5,9121,29.5269393920898,0.844099402427673
6,R1A6,1,6,SAR_Dataset_port,6,720,25.8702068328857,0.79412853717804
6,R1A6,1,6,SAR_Dataset_port,6,2160,24.3680419921875,0.817891001701355
6,R1A6,1,6,SAR_Dataset_port,6,3600,25.0713882446289,0.816413521766663
6,R1A6,1,6,SAR_Dataset_port,6,5040,24.8542823791504,0.827487349510193
6,R1A6,1,6,SAR_Dataset_port,6,6480,26.4845809936523,0.814293742179871
6,R1A6,1,6,SAR_Dataset_port,6,7921,23.9473724365234,0.814375281333923
6,R1A6,1,6,SAR_Dataset_port,6,9361,24.8147468566895,0.823123931884766
6,R1A6,1,6,SAR_Dataset_port,6,10801,24.0583381652832,0.798682808876038
6,R1A6,1,6,SAR_Dataset_port,6,12241,24.8597164154053,0.780115604400635
6,R1A6,1,6,SAR_Dataset_port,6,13681,29.5128841400146,0.859270215034485
6,R1A6,1,6,SAR_Dataset_suburb,7,705,26.526517868042,0.819331169128418
6,R1A6,1,6,SAR_Dataset_suburb,7,2115,27.7614059448242,0.834272563457489
6,R1A6,1,6,SAR_Dataset_suburb,7,3525,27.7113933563232,0.822514772415161
6,R1A6,1,6,SAR_Dataset_suburb,7,4935,25.3128433227539,0.816980123519897
6,R1A6,1,6,SAR_Dataset_suburb,7,6345,24.0582313537598,0.802839994430542
6,R1A6,1,6,SAR_Dataset_suburb,7,7756,27.2821884155273,0.799363553524017
6,R1A6,1,6,SAR_Dataset_suburb,7,9166,26.9938087463379,0.789364397525787
6,R1A6,1,6,SAR_Dataset_suburb,7,10576,26.3639469146729,0.821212947368622
6,R1A6,1,6,SAR_Dataset_suburb,7,11986,26.1647338867188,0.795604526996613
6,R1A6,1,6,SAR_Dataset_suburb,7,13396,24.8804454803467,0.808811485767365
6,R2A3,2,3,SAR_Dataset_Bangkok_1,1,840,28.4443264007568,0.839888453483582
6,R2A3,2,3,SAR_Dataset_Bangkok_1,1,2520,26.7253265380859,0.797799289226532
6,R2A3,2,3,SAR_Dataset_Bangkok_1,1,4200,27.5508232116699,0.802131772041321
6,R2A3,2,3,SAR_Dataset_Bangkok_1,1,5880,25.4098472595215,0.702113091945648
6,R2A3,2,3,SAR_Dataset_Bangkok_1,1,7560,27.6090049743652,0.801704943180084
6,R2A3,2,3,SAR_Dataset_Bangkok_1,1,9241,26.980297088623,0.826473355293274
6,R2A3,2,3,SAR_Dataset_Bangkok_1,1,10921,27.5318164825439,0.83334618806839
6,R2A3,2,3,SAR_Dataset_Bangkok_1,1,12601,26.3344593048096,0.819866836071014
6,R2A3,2,3,SAR_Dataset_Bangkok_1,1,14281,28.1795291900635,0.824559092521667
6,R2A3,2,3,SAR_Dataset_Bangkok_1,1,15961,27.041259765625,0.828224658966064
6,R2A3,2,3,SAR_Dataset_city1_histeq,2,450,26.4625205993652,0.845002055168152
6,R2A3,2,3,SAR_Dataset_city1_histeq,2,1350,27.5167560577393,0.845653831958771
6,R2A3,2,3,SAR_Dataset_city1_histeq,2,2250,25.6288681030273,0.837716639041901
6,R2A3,2,3,SAR_Dataset_city1_histeq,2,3150,26.7400398254395,0.832816600799561
6,R2A3,2,3,SAR_Dataset_city1_histeq,2,4050,25.5578060150146,0.846917390823364
6,R2A3,2,3,SAR_Dataset_city1_histeq,2,4951,26.0131359100342,0.852084815502167
6,R2A3,2,3,SAR_Dataset_city1_histeq,2,5851,26.4475555419922,0.826654016971588
6,R2A3,2,3,SAR_Dataset_city1_histeq,2,6751,27.6142349243164,0.815750598907471
6,R2A3,2,3,SAR_Dataset_city1_histeq,2,7651,27.0615367889404,0.796081960201263
6,R2A3,2,3,SAR_Dataset_city1_histeq,2,8551,28.3839836120605,0.823113918304443
6,R2A3,2,3,SAR_Dataset_city2_histeq,3,450,28.1528663635254,0.803897738456726
6,R2A3,2,3,SAR_Dataset_city2_histeq,3,1350,27.6549816131592,0.801583826541901
6,R2A3,2,3,SAR_Dataset_city2_histeq,3,2250,28.2902736663818,0.808103978633881
6,R2A3,2,3,SAR_Dataset_city2_histeq,3,3150,27.816951751709,0.795206069946289
6,R2A3,2,3,SAR_Dataset_city2_histeq,3,4050,27.237283706665,0.815757870674133
6,R2A3,2,3,SAR_Dataset_city2_histeq,3,4951,28.536491394043,0.818192541599274
6,R2A3,2,3,SAR_Dataset_city2_histeq,3,5851,27.692813873291,0.796922743320465
6,R2A3,2,3,SAR_Dataset_city2_histeq,3,6751,27.3619537353516,0.80872118473053
6,R2A3,2,3,SAR_Dataset_city2_histeq,3,7651,27.2890014648438,0.788970232009888
6,R2A3,2,3,SAR_Dataset_city2_histeq,3,8551,25.743501663208,0.810438811779022
6,R2A3,2,3,SAR_Dataset_SAR_figure,4,375,26.8517875671387,0.779004454612732
6,R2A3,2,3,SAR_Dataset_SAR_figure,4,1125,26.7010688781738,0.817123413085938
6,R2A3,2,3,SAR_Dataset_SAR_figure,4,1875,25.4980945587158,0.850768506526947
6,R2A3,2,3,SAR_Dataset_SAR_figure,4,2625,23.6697940826416,0.835107386112213
6,R2A3,2,3,SAR_Dataset_SAR_figure,4,3375,25.2213745117188,0.830565273761749
6,R2A3,2,3,SAR_Dataset_SAR_figure,4,4126,24.9453735351562,0.844082057476044
6,R2A3,2,3,SAR_Dataset_SAR_figure,4,4876,26.4596557617188,0.833280384540558
6,R2A3,2,3,SAR_Dataset_SAR_figure,4,5626,24.7696914672852,0.844672739505768
6,R2A3,2,3,SAR_Dataset_SAR_figure,4,6376,25.8200626373291,0.825061619281769
6,R2A3,2,3,SAR_Dataset_SAR_figure,4,7126,27.9149150848389,0.802549481391907
6,R2A3,2,3,SAR_Dataset_filed,5,480,25.1857070922852,0.860612690448761
6,R2A3,2,3,SAR_Dataset_filed,5,1440,25.4545764923096,0.842121541500092
6,R2A3,2,3,SAR_Dataset_filed,5,2400,28.224536895752,0.808064818382263
6,R2A3,2,3,SAR_Dataset_filed,5,3360,23.510498046875,0.799557626247406
6,R2A3,2,3,SAR_Dataset_filed,5,4320,21.8195819854736,0.820917904376984
6,R2A3,2,3,SAR_Dataset_filed,5,5281,27.0656967163086,0.831782042980194
6,R2A3,2,3,SAR_Dataset_filed,5,6241,26.7841377258301,0.815953373908997
6,R2A3,2,3,SAR_Dataset_filed,5,7201,26.1511192321777,0.858152866363525
6,R2A3,2,3,SAR_Dataset_filed,5,8161,26.8505706787109,0.850330352783203
6,R2A3,2,3,SAR_Dataset_filed,5,9121,29.9427394866943,0.86009281873703
6,R2A3,2,3,SAR_Dataset_port,6,720,26.1906585693359,0.814655482769012
6,R2A3,2,3,SAR_Dataset_port,6,2160,24.7880344390869,0.838061988353729
6,R2A3,2,3,SAR_Dataset_port,6,3600,25.4174842834473,0.835496008396149
6,R2A3,2,3,SAR_Dataset_port,6,5040,25.3499183654785,0.848323285579681
6,R2A3,2,3,SAR_Dataset_port,6,6480,27.0041313171387,0.837666749954224
6,R2A3,2,3,SAR_Dataset_port,6,7921,23.9547080993652,0.828984916210175
6,R2A3,2,3,SAR_Dataset_port,6,9361,25.3136711120605,0.843241930007935
6,R2A3,2,3,SAR_Dataset_port,6,10801,24.5995922088623,0.822172045707703
6,R2A3,2,3,SAR_Dataset_port,6,12241,25.1524906158447,0.800661027431488
6,R2A3,2,3,SAR_Dataset_port,6,13681,30.3762722015381,0.880238473415375
6,R2A3,2,3,SAR_Dataset_suburb,7,705,26.8333129882812,0.840659439563751
6,R2A3,2,3,SAR_Dataset_suburb,7,2115,28.176248550415,0.852490365505219
6,R2A3,2,3,SAR_Dataset_suburb,7,3525,27.9539775848389,0.839658856391907
6,R2A3,2,3,SAR_Dataset_suburb,7,4935,25.7534561157227,0.837185144424438
6,R2A3,2,3,SAR_Dataset_suburb,7,6345,24.5286064147949,0.823775351047516
6,R2A3,2,3,SAR_Dataset_suburb,7,7756,27.151741027832,0.815042793750763
6,R2A3,2,3,SAR_Dataset_suburb,7,9166,27.489803314209,0.81074333190918
6,R2A3,2,3,SAR_Dataset_suburb,7,10576,27.0166397094727,0.8432657122612
6,R2A3,2,3,SAR_Dataset_suburb,7,11986,26.7921562194824,0.820324122905731
6,R2A3,2,3,SAR_Dataset_suburb,7,13396,25.4045753479004,0.830784022808075
6,R3A2,3,2,SAR_Dataset_Bangkok_1,1,840,28.1076259613037,0.834866344928741
6,R3A2,3,2,SAR_Dataset_Bangkok_1,1,2520,26.6731262207031,0.796467006206512
6,R3A2,3,2,SAR_Dataset_Bangkok_1,1,4200,27.5460262298584,0.800913453102112
6,R3A2,3,2,SAR_Dataset_Bangkok_1,1,5880,25.6478271484375,0.709565937519073
6,R3A2,3,2,SAR_Dataset_Bangkok_1,1,7560,27.9326725006104,0.810992419719696
6,R3A2,3,2,SAR_Dataset_Bangkok_1,1,9241,26.9549007415771,0.82634025812149
6,R3A2,3,2,SAR_Dataset_Bangkok_1,1,10921,27.4746227264404,0.829521596431732
6,R3A2,3,2,SAR_Dataset_Bangkok_1,1,12601,26.2273712158203,0.81738418340683
6,R3A2,3,2,SAR_Dataset_Bangkok_1,1,14281,28.0086345672607,0.819956183433533
6,R3A2,3,2,SAR_Dataset_Bangkok_1,1,15961,26.5661354064941,0.820746541023254
6,R3A2,3,2,SAR_Dataset_city1_histeq,2,450,26.7954292297363,0.84841787815094
6,R3A2,3,2,SAR_Dataset_city1_histeq,2,1350,27.5775299072266,0.847758173942566
6,R3A2,3,2,SAR_Dataset_city1_histeq,2,2250,25.6920928955078,0.837232708930969
6,R3A2,3,2,SAR_Dataset_city1_histeq,2,3150,26.5840759277344,0.829777717590332
6,R3A2,3,2,SAR_Dataset_city1_histeq,2,4050,24.9196243286133,0.839255273342133
6,R3A2,3,2,SAR_Dataset_city1_histeq,2,4951,25.9644603729248,0.850199401378632
6,R3A2,3,2,SAR_Dataset_city1_histeq,2,5851,26.3809185028076,0.824537515640259
6,R3A2,3,2,SAR_Dataset_city1_histeq,2,6751,27.3602657318115,0.812167644500732
6,R3A2,3,2,SAR_Dataset_city1_histeq,2,7651,26.9529685974121,0.793116509914398
6,R3A2,3,2,SAR_Dataset_city1_histeq,2,8551,28.2420845031738,0.81817501783371
6,R3A2,3,2,SAR_Dataset_city2_histeq,3,450,28.0630531311035,0.803787529468536
6,R3A2,3,2,SAR_Dataset_city2_histeq,3,1350,27.0800552368164,0.802708327770233
6,R3A2,3,2,SAR_Dataset_city2_histeq,3,2250,28.55739402771,0.814120769500732
6,R3A2,3,2,SAR_Dataset_city2_histeq,3,3150,28.3010387420654,0.805517077445984
6,R3A2,3,2,SAR_Dataset_city2_histeq,3,4050,27.4921436309814,0.821875631809235
6,R3A2,3,2,SAR_Dataset_city2_histeq,3,4951,28.4390716552734,0.815368473529816
6,R3A2,3,2,SAR_Dataset_city2_histeq,3,5851,27.7966766357422,0.798909723758698
6,R3A2,3,2,SAR_Dataset_city2_histeq,3,6751,27.3884429931641,0.810167789459229
6,R3A2,3,2,SAR_Dataset_city2_histeq,3,7651,27.8777160644531,0.798803389072418
6,R3A2,3,2,SAR_Dataset_city2_histeq,3,8551,25.8030586242676,0.810865461826324
6,R3A2,3,2,SAR_Dataset_SAR_figure,4,375,26.8495674133301,0.77996414899826
6,R3A2,3,2,SAR_Dataset_SAR_figure,4,1125,26.2625675201416,0.813159048557281
6,R3A2,3,2,SAR_Dataset_SAR_figure,4,1875,25.3365325927734,0.848706781864166
6,R3A2,3,2,SAR_Dataset_SAR_figure,4,2625,25.0421352386475,0.850913643836975
6,R3A2,3,2,SAR_Dataset_SAR_figure,4,3375,25.3532886505127,0.832809805870056
6,R3A2,3,2,SAR_Dataset_SAR_figure,4,4126,24.9224548339844,0.843713462352753
6,R3A2,3,2,SAR_Dataset_SAR_figure,4,4876,26.5425338745117,0.833051562309265
6,R3A2,3,2,SAR_Dataset_SAR_figure,4,5626,24.2865161895752,0.835553884506226
6,R3A2,3,2,SAR_Dataset_SAR_figure,4,6376,25.6557064056396,0.822863459587097
6,R3A2,3,2,SAR_Dataset_SAR_figure,4,7126,27.8355369567871,0.80134654045105
6,R3A2,3,2,SAR_Dataset_filed,5,480,25.451171875,0.865807354450226
6,R3A2,3,2,SAR_Dataset_filed,5,1440,25.5347595214844,0.843707144260406
6,R3A2,3,2,SAR_Dataset_filed,5,2400,28.259765625,0.812154054641724
6,R3A2,3,2,SAR_Dataset_filed,5,3360,23.4147472381592,0.793475866317749
6,R3A2,3,2,SAR_Dataset_filed,5,4320,22.1818065643311,0.826653361320496
6,R3A2,3,2,SAR_Dataset_filed,5,5281,26.9140224456787,0.829858958721161
6,R3A2,3,2,SAR_Dataset_filed,5,6241,27.2402381896973,0.822199642658234
6,R3A2,3,2,SAR_Dataset_filed,5,7201,26.1087322235107,0.857118546962738
6,R3A2,3,2,SAR_Dataset_filed,5,8161,26.9418411254883,0.850685834884644
6,R3A2,3,2,SAR_Dataset_filed,5,9121,29.935266494751,0.859712660312653
6,R3A2,3,2,SAR_Dataset_port,6,720,26.6623020172119,0.822359204292297
6,R3A2,3,2,SAR_Dataset_port,6,2160,24.8016834259033,0.838714420795441
6,R3A2,3,2,SAR_Dataset_port,6,3600,25.4188117980957,0.835360407829285
6,R3A2,3,2,SAR_Dataset_port,6,5040,24.8362693786621,0.843090176582336
6,R3A2,3,2,SAR_Dataset_port,6,6480,26.9652919769287,0.837516844272614
6,R3A2,3,2,SAR_Dataset_port,6,7921,24.2425346374512,0.833009481430054
6,R3A2,3,2,SAR_Dataset_port,6,9361,25.3342933654785,0.843607664108276
6,R3A2,3,2,SAR_Dataset_port,6,10801,24.2576522827148,0.817322552204132
6,R3A2,3,2,SAR_Dataset_port,6,12241,24.9805736541748,0.798813998699188
6,R3A2,3,2,SAR_Dataset_port,6,13681,30.5171775817871,0.881171107292175
6,R3A2,3,2,SAR_Dataset_suburb,7,705,26.5528697967529,0.83678126335144
6,R3A2,3,2,SAR_Dataset_suburb,7,2115,28.1679058074951,0.851985335350037
6,R3A2,3,2,SAR_Dataset_suburb,7,3525,27.8627967834473,0.838691771030426
6,R3A2,3,2,SAR_Dataset_suburb,7,4935,25.6743659973145,0.837509989738464
6,R3A2,3,2,SAR_Dataset_suburb,7,6345,24.5536193847656,0.824107050895691
6,R3A2,3,2,SAR_Dataset_suburb,7,7756,27.6156330108643,0.820554316043854
6,R3A2,3,2,SAR_Dataset_suburb,7,9166,26.8820858001709,0.801499247550964
6,R3A2,3,2,SAR_Dataset_suburb,7,10576,27.0382690429688,0.844970226287842
6,R3A2,3,2,SAR_Dataset_suburb,7,11986,26.4111061096191,0.812853753566742
6,R3A2,3,2,SAR_Dataset_suburb,7,13396,25.4203605651855,0.831848442554474
6,R6A1,6,1,SAR_Dataset_Bangkok_1,1,840,27.5313987731934,0.813249468803406
6,R6A1,6,1,SAR_Dataset_Bangkok_1,1,2520,26.5252571105957,0.781642735004425
6,R6A1,6,1,SAR_Dataset_Bangkok_1,1,4200,26.6786022186279,0.769748628139496
6,R6A1,6,1,SAR_Dataset_Bangkok_1,1,5880,25.2767658233643,0.686513006687164
6,R6A1,6,1,SAR_Dataset_Bangkok_1,1,7560,27.3516464233398,0.785184741020203
6,R6A1,6,1,SAR_Dataset_Bangkok_1,1,9241,26.7402095794678,0.806071519851685
6,R6A1,6,1,SAR_Dataset_Bangkok_1,1,10921,27.0916213989258,0.810721695423126
6,R6A1,6,1,SAR_Dataset_Bangkok_1,1,12601,25.9146099090576,0.798837423324585
6,R6A1,6,1,SAR_Dataset_Bangkok_1,1,14281,27.6115646362305,0.799728810787201
6,R6A1,6,1,SAR_Dataset_Bangkok_1,1,15961,26.6289157867432,0.808220326900482
6,R6A1,6,1,SAR_Dataset_city1_histeq,2,450,26.3933849334717,0.829620063304901
6,R6A1,6,1,SAR_Dataset_city1_histeq,2,1350,26.9454078674316,0.825943171977997
6,R6A1,6,1,SAR_Dataset_city1_histeq,2,2250,25.2021789550781,0.81524121761322
6,R6A1,6,1,SAR_Dataset_city1_histeq,2,3150,26.9126224517822,0.824872851371765
6,R6A1,6,1,SAR_Dataset_city1_histeq,2,4050,25.099084854126,0.828169941902161
6,R6A1,6,1,SAR_Dataset_city1_histeq,2,4951,25.4154567718506,0.830061614513397
6,R6A1,6,1,SAR_Dataset_city1_histeq,2,5851,25.9994792938232,0.803249835968018
6,R6A1,6,1,SAR_Dataset_city1_histeq,2,6751,27.1527328491211,0.792718470096588
6,R6A1,6,1,SAR_Dataset_city1_histeq,2,7651,26.4301643371582,0.767360329627991
6,R6A1,6,1,SAR_Dataset_city1_histeq,2,8551,27.9084320068359,0.800970375537872
6,R6A1,6,1,SAR_Dataset_city2_histeq,3,450,27.2371940612793,0.773857831954956
6,R6A1,6,1,SAR_Dataset_city2_histeq,3,1350,26.8218536376953,0.778591215610504
6,R6A1,6,1,SAR_Dataset_city2_histeq,3,2250,27.6996841430664,0.783120632171631
6,R6A1,6,1,SAR_Dataset_city2_histeq,3,3150,27.1432209014893,0.768035352230072
6,R6A1,6,1,SAR_Dataset_city2_histeq,3,4050,26.9656963348389,0.798941850662231
6,R6A1,6,1,SAR_Dataset_city2_histeq,3,4951,28.0234107971191,0.799938201904297
6,R6A1,6,1,SAR_Dataset_city2_histeq,3,5851,27.4454116821289,0.778395473957062
6,R6A1,6,1,SAR_Dataset_city2_histeq,3,6751,26.6961116790771,0.780350267887115
6,R6A1,6,1,SAR_Dataset_city2_histeq,3,7651,27.193920135498,0.772325336933136
6,R6A1,6,1,SAR_Dataset_city2_histeq,3,8551,25.4441432952881,0.789315640926361
6,R6A1,6,1,SAR_Dataset_SAR_figure,4,375,26.8092384338379,0.758559703826904
6,R6A1,6,1,SAR_Dataset_SAR_figure,4,1125,25.8834362030029,0.794495284557343
6,R6A1,6,1,SAR_Dataset_SAR_figure,4,1875,24.936990737915,0.830571174621582
6,R6A1,6,1,SAR_Dataset_SAR_figure,4,2625,24.5231266021729,0.831873178482056
6,R6A1,6,1,SAR_Dataset_SAR_figure,4,3375,24.8064975738525,0.811520576477051
6,R6A1,6,1,SAR_Dataset_SAR_figure,4,4126,24.5117015838623,0.825772941112518
6,R6A1,6,1,SAR_Dataset_SAR_figure,4,4876,26.0205936431885,0.813063979148865
6,R6A1,6,1,SAR_Dataset_SAR_figure,4,5626,23.4928684234619,0.80735844373703
6,R6A1,6,1,SAR_Dataset_SAR_figure,4,6376,25.0206413269043,0.799300491809845
6,R6A1,6,1,SAR_Dataset_SAR_figure,4,7126,27.3940849304199,0.78823322057724
6,R6A1,6,1,SAR_Dataset_filed,5,480,25.0130672454834,0.849976062774658
6,R6A1,6,1,SAR_Dataset_filed,5,1440,25.2302322387695,0.823968470096588
6,R6A1,6,1,SAR_Dataset_filed,5,2400,27.9604835510254,0.791476368904114
6,R6A1,6,1,SAR_Dataset_filed,5,3360,23.0795383453369,0.776216685771942
6,R6A1,6,1,SAR_Dataset_filed,5,4320,21.8216934204102,0.808127760887146
6,R6A1,6,1,SAR_Dataset_filed,5,5281,26.5952453613281,0.811844944953918
6,R6A1,6,1,SAR_Dataset_filed,5,6241,25.9103488922119,0.787408351898193
6,R6A1,6,1,SAR_Dataset_filed,5,7201,25.7242240905762,0.840388298034668
6,R6A1,6,1,SAR_Dataset_filed,5,8161,26.4316329956055,0.831400692462921
6,R6A1,6,1,SAR_Dataset_filed,5,9121,29.4803199768066,0.842965364456177
6,R6A1,6,1,SAR_Dataset_port,6,720,25.5290184020996,0.790053963661194
6,R6A1,6,1,SAR_Dataset_port,6,2160,24.3716640472412,0.81828498840332
6,R6A1,6,1,SAR_Dataset_port,6,3600,24.858190536499,0.815184831619263
6,R6A1,6,1,SAR_Dataset_port,6,5040,24.7600440979004,0.8269944190979
6,R6A1,6,1,SAR_Dataset_port,6,6480,26.4632263183594,0.816796064376831
6,R6A1,6,1,SAR_Dataset_port,6,7921,23.2933139801025,0.805803239345551
6,R6A1,6,1,SAR_Dataset_port,6,9361,24.1905403137207,0.816009044647217
6,R6A1,6,1,SAR_Dataset_port,6,10801,24.123161315918,0.800315976142883
6,R6A1,6,1,SAR_Dataset_port,6,12241,24.8342933654785,0.780050277709961
6,R6A1,6,1,SAR_Dataset_port,6,13681,30.4550857543945,0.871033132076263
6,R6A1,6,1,SAR_Dataset_suburb,7,705,26.4339408874512,0.820484101772308
6,R6A1,6,1,SAR_Dataset_suburb,7,2115,27.7897167205811,0.835157573223114
6,R6A1,6,1,SAR_Dataset_suburb,7,3525,27.5418434143066,0.821315169334412
6,R6A1,6,1,SAR_Dataset_suburb,7,4935,25.3584022521973,0.818809747695923
6,R6A1,6,1,SAR_Dataset_suburb,7,6345,24.0167388916016,0.801861822605133
6,R6A1,6,1,SAR_Dataset_suburb,7,7756,27.450267791748,0.802814126014709
6,R6A1,6,1,SAR_Dataset_suburb,7,9166,26.3225212097168,0.776225864887238
6,R6A1,6,1,SAR_Dataset_suburb,7,10576,26.552848815918,0.823523640632629
6,R6A1,6,1,SAR_Dataset_suburb,7,11986,25.7801818847656,0.790596008300781
6,R6A1,6,1,SAR_Dataset_suburb,7,13396,24.969425201416,0.809115946292877
8,R1A8,1,8,SAR_Dataset_Bangkok_1,1,840,27.9353179931641,0.823933482170105
8,R1A8,1,8,SAR_Dataset_Bangkok_1,1,2520,26.5864486694336,0.788656532764435
8,R1A8,1,8,SAR_Dataset_Bangkok_1,1,4200,27.2719306945801,0.790167689323425
8,R1A8,1,8,SAR_Dataset_Bangkok_1,1,5880,25.7596797943115,0.710024058818817
8,R1A8,1,8,SAR_Dataset_Bangkok_1,1,7560,27.7716083526611,0.800320506095886
8,R1A8,1,8,SAR_Dataset_Bangkok_1,1,9241,26.6378135681152,0.813639223575592
8,R1A8,1,8,SAR_Dataset_Bangkok_1,1,10921,27.3736038208008,0.82354748249054
8,R1A8,1,8,SAR_Dataset_Bangkok_1,1,12601,25.5623722076416,0.798447549343109
8,R1A8,1,8,SAR_Dataset_Bangkok_1,1,14281,27.6569766998291,0.807131052017212
8,R1A8,1,8,SAR_Dataset_Bangkok_1,1,15961,27.0542297363281,0.822459042072296
8,R1A8,1,8,SAR_Dataset_city1_histeq,2,450,26.7192859649658,0.839268863201141
8,R1A8,1,8,SAR_Dataset_city1_histeq,2,1350,27.4055252075195,0.838236093521118
8,R1A8,1,8,SAR_Dataset_city1_histeq,2,2250,25.4702072143555,0.82686859369278
8,R1A8,1,8,SAR_Dataset_city1_histeq,2,3150,26.7439384460449,0.825237512588501
8,R1A8,1,8,SAR_Dataset_city1_histeq,2,4050,24.4667549133301,0.826812863349915
8,R1A8,1,8,SAR_Dataset_city1_histeq,2,4951,25.6532287597656,0.838549673557281
8,R1A8,1,8,SAR_Dataset_city1_histeq,2,5851,26.1316261291504,0.811858236789703
8,R1A8,1,8,SAR_Dataset_city1_histeq,2,6751,26.9467124938965,0.795789957046509
8,R1A8,1,8,SAR_Dataset_city1_histeq,2,7651,26.6028594970703,0.776935935020447
8,R1A8,1,8,SAR_Dataset_city1_histeq,2,8551,28.1469116210938,0.81332540512085
8,R1A8,1,8,SAR_Dataset_city2_histeq,3,450,27.2126865386963,0.780084371566772
8,R1A8,1,8,SAR_Dataset_city2_histeq,3,1350,27.1970176696777,0.787021100521088
8,R1A8,1,8,SAR_Dataset_city2_histeq,3,2250,27.9246101379395,0.792028367519379
8,R1A8,1,8,SAR_Dataset_city2_histeq,3,3150,27.9816989898682,0.792421162128448
8,R1A8,1,8,SAR_Dataset_city2_histeq,3,4050,27.1462707519531,0.806691765785217
8,R1A8,1,8,SAR_Dataset_city2_histeq,3,4951,28.2446689605713,0.803863346576691
8,R1A8,1,8,SAR_Dataset_city2_histeq,3,5851,27.3491325378418,0.782871246337891
8,R1A8,1,8,SAR_Dataset_city2_histeq,3,6751,26.8719787597656,0.789161384105682
8,R1A8,1,8,SAR_Dataset_city2_histeq,3,7651,27.7241916656494,0.787810564041138
8,R1A8,1,8,SAR_Dataset_city2_histeq,3,8551,25.690767288208,0.798691987991333
8,R1A8,1,8,SAR_Dataset_SAR_figure,4,375,27.0184917449951,0.765922129154205
8,R1A8,1,8,SAR_Dataset_SAR_figure,4,1125,26.2064380645752,0.80509340763092
8,R1A8,1,8,SAR_Dataset_SAR_figure,4,1875,25.2028884887695,0.838633000850677
8,R1A8,1,8,SAR_Dataset_SAR_figure,4,2625,24.5010585784912,0.837308883666992
8,R1A8,1,8,SAR_Dataset_SAR_figure,4,3375,25.1735191345215,0.823078572750092
8,R1A8,1,8,SAR_Dataset_SAR_figure,4,4126,24.7180061340332,0.833448529243469
8,R1A8,1,8,SAR_Dataset_SAR_figure,4,4876,26.354606628418,0.824360132217407
8,R1A8,1,8,SAR_Dataset_SAR_figure,4,5626,24.2088165283203,0.825767874717712
8,R1A8,1,8,SAR_Dataset_SAR_figure,4,6376,25.5684814453125,0.814113616943359
8,R1A8,1,8,SAR_Dataset_SAR_figure,4,7126,27.7651119232178,0.798077881336212
8,R1A8,1,8,SAR_Dataset_filed,5,480,25.1892757415771,0.856155216693878
8,R1A8,1,8,SAR_Dataset_filed,5,1440,25.255744934082,0.829669594764709
8,R1A8,1,8,SAR_Dataset_filed,5,2400,28.1159420013428,0.801210045814514
8,R1A8,1,8,SAR_Dataset_filed,5,3360,23.1900615692139,0.785338461399078
8,R1A8,1,8,SAR_Dataset_filed,5,4320,21.9459609985352,0.816217601299286
8,R1A8,1,8,SAR_Dataset_filed,5,5281,26.765604019165,0.818995773792267
8,R1A8,1,8,SAR_Dataset_filed,5,6241,27.0859832763672,0.812591850757599
8,R1A8,1,8,SAR_Dataset_filed,5,7201,25.8185653686523,0.8470458984375
8,R1A8,1,8,SAR_Dataset_filed,5,8161,26.6274566650391,0.838967084884644
8,R1A8,1,8,SAR_Dataset_filed,5,9121,29.8039531707764,0.854241490364075
8,R1A8,1,8,SAR_Dataset_port,6,720,25.362247467041,0.792604863643646
8,R1A8,1,8,SAR_Dataset_port,6,2160,24.5451126098633,0.826958000659943
8,R1A8,1,8,SAR_Dataset_port,6,3600,24.9357032775879,0.822456359863281
8,R1A8,1,8,SAR_Dataset_port,6,5040,25.0750122070312,0.836914002895355
8,R1A8,1,8,SAR_Dataset_port,6,6480,26.7800674438477,0.827315807342529
8,R1A8,1,8,SAR_Dataset_port,6,7921,24.0014362335205,0.822279751300812
8,R1A8,1,8,SAR_Dataset_port,6,9361,24.5211811065674,0.826384961605072
8,R1A8,1,8,SAR_Dataset_port,6,10801,24.1606044769287,0.807170212268829
8,R1A8,1,8,SAR_Dataset_port,6,12241,24.9757041931152,0.787357211112976
8,R1A8,1,8,SAR_Dataset_port,6,13681,29.8695411682129,0.868805050849915
8,R1A8,1,8,SAR_Dataset_suburb,7,705,26.622465133667,0.829351842403412
8,R1A8,1,8,SAR_Dataset_suburb,7,2115,27.9726982116699,0.842819333076477
8,R1A8,1,8,SAR_Dataset_suburb,7,3525,27.6851692199707,0.829725801944733
8,R1A8,1,8,SAR_Dataset_suburb,7,4935,25.5386085510254,0.827020287513733
8,R1A8,1,8,SAR_Dataset_suburb,7,6345,24.4012336730957,0.81541508436203
8,R1A8,1,8,SAR_Dataset_suburb,7,7756,27.3342781066895,0.806418657302856
8,R1A8,1,8,SAR_Dataset_suburb,7,9166,28.2552528381348,0.815994560718536
8,R1A8,1,8,SAR_Dataset_suburb,7,10576,26.7303810119629,0.832923591136932
8,R1A8,1,8,SAR_Dataset_suburb,7,11986,25.8440437316895,0.798599720001221
8,R1A8,1,8,SAR_Dataset_suburb,7,13396,25.1360149383545,0.820105314254761
8,R2A4,2,4,SAR_Dataset_Bangkok_1,1,840,28.4835357666016,0.84695565700531
8,R2A4,2,4,SAR_Dataset_Bangkok_1,1,2520,27.1601142883301,0.816453397274017
8,R2A4,2,4,SAR_Dataset_Bangkok_1,1,4200,27.7100009918213,0.811726570129395
8,R2A4,2,4,SAR_Dataset_Bangkok_1,1,5880,26.4135932922363,0.740572214126587
8,R2A4,2,4,SAR_Dataset_Bangkok_1,1,7560,28.0967864990234,0.821029365062714
8,R2A4,2,4,SAR_Dataset_Bangkok_1,1,9241,26.9520416259766,0.835439562797546
8,R2A4,2,4,SAR_Dataset_Bangkok_1,1,10921,27.7727737426758,0.842489063739777
8,R2A4,2,4,SAR_Dataset_Bangkok_1,1,12601,26.1635818481445,0.824938356876373
8,R2A4,2,4,SAR_Dataset_Bangkok_1,1,14281,28.5332450866699,0.838970720767975
8,R2A4,2,4,SAR_Dataset_Bangkok_1,1,15961,27.457950592041,0.843244791030884
8,R2A4,2,4,SAR_Dataset_city1_histeq,2,450,27.1635398864746,0.859104335308075
8,R2A4,2,4,SAR_Dataset_city1_histeq,2,1350,27.4051895141602,0.851485848426819
8,R2A4,2,4,SAR_Dataset_city1_histeq,2,2250,25.8292751312256,0.846871256828308
8,R2A4,2,4,SAR_Dataset_city1_histeq,2,3150,27.3488330841064,0.848910868167877
8,R2A4,2,4,SAR_Dataset_city1_histeq,2,4050,25.275577545166,0.852174818515778
8,R2A4,2,4,SAR_Dataset_city1_histeq,2,4951,26.198413848877,0.860142529010773
8,R2A4,2,4,SAR_Dataset_city1_histeq,2,5851,26.7349281311035,0.837155044078827
8,R2A4,2,4,SAR_Dataset_city1_histeq,2,6751,27.5435180664062,0.821217179298401
8,R2A4,2,4,SAR_Dataset_city1_histeq,2,7651,27.2205390930176,0.80626779794693
8,R2A4,2,4,SAR_Dataset_city1_histeq,2,8551,28.3595275878906,0.836465299129486
8,R2A4,2,4,SAR_Dataset_city2_histeq,3,450,28.5687522888184,0.818585872650146
8,R2A4,2,4,SAR_Dataset_city2_histeq,3,1350,27.7242317199707,0.814636051654816
8,R2A4,2,4,SAR_Dataset_city2_histeq,3,2250,28.4582099914551,0.817221164703369
8,R2A4,2,4,SAR_Dataset_city2_histeq,3,3150,28.5201301574707,0.818426668643951
8,R2A4,2,4,SAR_Dataset_city2_histeq,3,4050,27.5329780578613,0.828669190406799
8,R2A4,2,4,SAR_Dataset_city2_histeq,3,4951,28.7195701599121,0.83291482925415
8,R2A4,2,4,SAR_Dataset_city2_histeq,3,5851,28.3723373413086,0.817526459693909
8,R2A4,2,4,SAR_Dataset_city2_histeq,3,6751,27.5954818725586,0.819115042686462
8,R2A4,2,4,SAR_Dataset_city2_histeq,3,7651,28.154842376709,0.811611890792847
8,R2A4,2,4,SAR_Dataset_city2_histeq,3,8551,25.79421043396,0.820549845695496
8,R2A4,2,4,SAR_Dataset_SAR_figure,4,375,27.1371612548828,0.796229541301727
8,R2A4,2,4,SAR_Dataset_SAR_figure,4,1125,26.0727596282959,0.819755911827087
8,R2A4,2,4,SAR_Dataset_SAR_figure,4,1875,25.7410087585449,0.85933119058609
8,R2A4,2,4,SAR_Dataset_SAR_figure,4,2625,24.4999237060547,0.852855384349823
8,R2A4,2,4,SAR_Dataset_SAR_figure,4,3375,25.5430374145508,0.842660486698151
8,R2A4,2,4,SAR_Dataset_SAR_figure,4,4126,25.2215042114258,0.854936182498932
8,R2A4,2,4,SAR_Dataset_SAR_figure,4,4876,26.6646213531494,0.843459963798523
8,R2A4,2,4,SAR_Dataset_SAR_figure,4,5626,24.0785579681396,0.837263464927673
8,R2A4,2,4,SAR_Dataset_SAR_figure,4,6376,25.9931182861328,0.835613608360291
8,R2A4,2,4,SAR_Dataset_SAR_figure,4,7126,28.0626564025879,0.820049405097961
8,R2A4,2,4,SAR_Dataset_filed,5,480,25.622652053833,0.872775256633759
8,R2A4,2,4,SAR_Dataset_filed,5,1440,25.80224609375,0.851733565330505
8,R2A4,2,4,SAR_Dataset_filed,5,2400,28.4199409484863,0.816751062870026
8,R2A4,2,4,SAR_Dataset_filed,5,3360,23.6587238311768,0.807643592357635
8,R2A4,2,4,SAR_Dataset_filed,5,4320,22.3474731445312,0.836198627948761
8,R2A4,2,4,SAR_Dataset_filed,5,5281,27.2949180603027,0.842467367649078
8,R2A4,2,4,SAR_Dataset_filed,5,6241,27.4332237243652,0.833323955535889
8,R2A4,2,4,SAR_Dataset_filed,5,7201,26.3784809112549,0.866438388824463
8,R2A4,2,4,SAR_Dataset_filed,5,8161,27.17409324646,0.860449731349945
8,R2A4,2,4,SAR_Dataset_filed,5,9121,30.1673164367676,0.8697469830513
8,R2A4,2,4,SAR_Dataset_port,6,720,26.2212009429932,0.823460519313812
8,R2A4,2,4,SAR_Dataset_port,6,2160,24.9380226135254,0.848558843135834
8,R2A4,2,4,SAR_Dataset_port,6,3600,25.7924861907959,0.848180532455444
8,R2A4,2,4,SAR_Dataset_port,6,5040,25.5741653442383,0.857632458209991
8,R2A4,2,4,SAR_Dataset_port,6,6480,27.2873878479004,0.848204851150513
8,R2A4,2,4,SAR_Dataset_port,6,7921,24.0658550262451,0.837306141853333
8,R2A4,2,4,SAR_Dataset_port,6,9361,25.6987228393555,0.85424929857254
8,R2A4,2,4,SAR_Dataset_port,6,10801,24.5431022644043,0.827636301517487
8,R2A4,2,4,SAR_Dataset_port,6,12241,25.3435974121094,0.808305740356445
8,R2A4,2,4,SAR_Dataset_port,6,13681,30.5107116699219,0.886986017227173
8,R2A4,2,4,SAR_Dataset_suburb,7,705,26.9190883636475,0.848603308200836
8,R2A4,2,4,SAR_Dataset_suburb,7,2115,28.2811889648438,0.860014677047729
8,R2A4,2,4,SAR_Dataset_suburb,7,3525,28.3076438903809,0.851173639297485
8,R2A4,2,4,SAR_Dataset_suburb,7,4935,26.0813045501709,0.849535703659058
8,R2A4,2,4,SAR_Dataset_suburb,7,6345,24.5742530822754,0.831222057342529
8,R2A4,2,4,SAR_Dataset_suburb,7,7756,27.9205722808838,0.832790970802307
8,R2A4,2,4,SAR_Dataset_suburb,7,9166,28.3751106262207,0.832845330238342
8,R2A4,2,4,SAR_Dataset_suburb,7,10576,27.2952442169189,0.854276478290558
8,R2A4,2,4,SAR_Dataset_suburb,7,11986,27.4082641601562,0.837609529495239
8,R2A4,2,4,SAR_Dataset_suburb,7,13396,25.6444835662842,0.841500461101532
8,R4A2,4,2,SAR_Dataset_Bangkok_1,1,840,28.6280651092529,0.848310649394989
8,R4A2,4,2,SAR_Dataset_Bangkok_1,1,2520,26.9156303405762,0.808993995189667
8,R4A2,4,2,SAR_Dataset_Bangkok_1,1,4200,27.7824172973633,0.813202321529388
8,R4A2,4,2,SAR_Dataset_Bangkok_1,1,5880,25.7321281433105,0.719410717487335
8,R4A2,4,2,SAR_Dataset_Bangkok_1,1,7560,28.0571708679199,0.820418894290924
8,R4A2,4,2,SAR_Dataset_Bangkok_1,1,9241,26.6019172668457,0.830458521842957
8,R4A2,4,2,SAR_Dataset_Bangkok_1,1,10921,27.7773170471191,0.841620206832886
8,R4A2,4,2,SAR_Dataset_Bangkok_1,1,12601,26.4979438781738,0.82876718044281
8,R4A2,4,2,SAR_Dataset_Bangkok_1,1,14281,28.5594730377197,0.83914852142334
8,R4A2,4,2,SAR_Dataset_Bangkok_1,1,15961,26.9442653656006,0.834578931331635
8,R4A2,4,2,SAR_Dataset_city1_histeq,2,450,27.1600494384766,0.85867714881897
8,R4A2,4,2,SAR_Dataset_city1_histeq,2,1350,27.6990394592285,0.85455983877182
8,R4A2,4,2,SAR_Dataset_city1_histeq,2,2250,25.7643280029297,0.84545511007309
8,R4A2,4,2,SAR_Dataset_city1_histeq,2,3150,27.3877754211426,0.850152432918549
8,R4A2,4,2,SAR_Dataset_city1_histeq,2,4050,25.2718620300293,0.850931882858276
8,R4A2,4,2,SAR_Dataset_city1_histeq,2,4951,26.0581493377686,0.85741651058197
8,R4A2,4,2,SAR_Dataset_city1_histeq,2,5851,26.7227382659912,0.836202442646027
8,R4A2,4,2,SAR_Dataset_city1_histeq,2,6751,27.7547054290771,0.824628829956055
8,R4A2,4,2,SAR_Dataset_city1_histeq,2,7651,27.1574897766113,0.804276883602142
8,R4A2,4,2,SAR_Dataset_city1_histeq,2,8551,28.6343173980713,0.834356248378754
8,R4A2,4,2,SAR_Dataset_city2_histeq,3,450,28.0993766784668,0.811852693557739
8,R4A2,4,2,SAR_Dataset_city2_histeq,3,1350,27.4756526947021,0.81368088722229
8,R4A2,4,2,SAR_Dataset_city2_histeq,3,2250,28.6811485290527,0.822288453578949
8,R4A2,4,2,SAR_Dataset_city2_histeq,3,3150,28.5069675445557,0.817786395549774
8,R4A2,4,2,SAR_Dataset_city2_histeq,3,4050,27.6505889892578,0.830380797386169
8,R4A2,4,2,SAR_Dataset_city2_histeq,3,4951,28.7951183319092,0.832146465778351
8,R4A2,4,2,SAR_Dataset_city2_histeq,3,5851,28.4856204986572,0.819848597049713
8,R4A2,4,2,SAR_Dataset_city2_histeq,3,6751,27.6691150665283,0.822630703449249
8,R4A2,4,2,SAR_Dataset_city2_histeq,3,7651,28.4679832458496,0.816771030426025
8,R4A2,4,2,SAR_Dataset_city2_histeq,3,8551,25.9039878845215,0.820730030536652
8,R4A2,4,2,SAR_Dataset_SAR_figure,4,375,27.220724105835,0.794910430908203
8,R4A2,4,2,SAR_Dataset_SAR_figure,4,1125,26.284854888916,0.821624457836151
8,R4A2,4,2,SAR_Dataset_SAR_figure,4,1875,25.7590522766113,0.859178185462952
8,R4A2,4,2,SAR_Dataset_SAR_figure,4,2625,25.3521842956543,0.860873460769653
8,R4A2,4,2,SAR_Dataset_SAR_figure,4,3375,25.5459022521973,0.840993225574493
8,R4A2,4,2,SAR_Dataset_SAR_figure,4,4126,25.2310409545898,0.854067027568817
8,R4A2,4,2,SAR_Dataset_SAR_figure,4,4876,26.8290920257568,0.844689667224884
8,R4A2,4,2,SAR_Dataset_SAR_figure,4,5626,24.0146102905273,0.83523827791214
8,R4A2,4,2,SAR_Dataset_SAR_figure,4,6376,26.0311050415039,0.836128234863281
8,R4A2,4,2,SAR_Dataset_SAR_figure,4,7126,27.8720951080322,0.817200720310211
8,R4A2,4,2,SAR_Dataset_filed,5,480,25.7464256286621,0.875676572322845
8,R4A2,4,2,SAR_Dataset_filed,5,1440,25.677303314209,0.850692689418793
8,R4A2,4,2,SAR_Dataset_filed,5,2400,28.4289703369141,0.818182528018951
8,R4A2,4,2,SAR_Dataset_filed,5,3360,23.6072330474854,0.807616233825684
8,R4A2,4,2,SAR_Dataset_filed,5,4320,22.344123840332,0.836386203765869
8,R4A2,4,2,SAR_Dataset_filed,5,5281,27.4764461517334,0.845720291137695
8,R4A2,4,2,SAR_Dataset_filed,5,6241,26.8499088287354,0.823857188224792
8,R4A2,4,2,SAR_Dataset_filed,5,7201,26.4104747772217,0.867064416408539
8,R4A2,4,2,SAR_Dataset_filed,5,8161,27.1654472351074,0.859408795833588
8,R4A2,4,2,SAR_Dataset_filed,5,9121,30.1846199035645,0.869422852993011
8,R4A2,4,2,SAR_Dataset_port,6,720,26.1466979980469,0.821984708309174
8,R4A2,4,2,SAR_Dataset_port,6,2160,25.0297527313232,0.848613798618317
8,R4A2,4,2,SAR_Dataset_port,6,3600,25.6076393127441,0.84632533788681
8,R4A2,4,2,SAR_Dataset_port,6,5040,25.6277484893799,0.856175363063812
8,R4A2,4,2,SAR_Dataset_port,6,6480,27.2994613647461,0.848641574382782
8,R4A2,4,2,SAR_Dataset_port,6,7921,23.6964263916016,0.831545114517212
8,R4A2,4,2,SAR_Dataset_port,6,9361,25.1871109008789,0.849101543426514
8,R4A2,4,2,SAR_Dataset_port,6,10801,24.5479850769043,0.826988637447357
8,R4A2,4,2,SAR_Dataset_port,6,12241,25.2884254455566,0.808978497982025
8,R4A2,4,2,SAR_Dataset_port,6,13681,30.9583072662354,0.891751706600189
8,R4A2,4,2,SAR_Dataset_suburb,7,705,27.1666812896729,0.851756155490875
8,R4A2,4,2,SAR_Dataset_suburb,7,2115,28.1501159667969,0.85859203338623
8,R4A2,4,2,SAR_Dataset_suburb,7,3525,28.1238574981689,0.850260257720947
8,R4A2,4,2,SAR_Dataset_suburb,7,4935,25.90478515625,0.846324145793915
8,R4A2,4,2,SAR_Dataset_suburb,7,6345,24.8836994171143,0.838179707527161
8,R4A2,4,2,SAR_Dataset_suburb,7,7756,28.0356693267822,0.835326135158539
8,R4A2,4,2,SAR_Dataset_suburb,7,9166,28.0908374786377,0.82981139421463
8,R4A2,4,2,SAR_Dataset_suburb,7,10576,27.2716522216797,0.853677451610565
8,R4A2,4,2,SAR_Dataset_suburb,7,11986,27.2010116577148,0.833900451660156
8,R4A2,4,2,SAR_Dataset_suburb,7,13396,25.369665145874,0.838673412799835
8,R8A1,8,1,SAR_Dataset_Bangkok_1,1,840,27.7887058258057,0.822761356830597
8,R8A1,8,1,SAR_Dataset_Bangkok_1,1,2520,26.7477588653564,0.794086039066315
8,R8A1,8,1,SAR_Dataset_Bangkok_1,1,4200,27.1248550415039,0.787144541740417
8,R8A1,8,1,SAR_Dataset_Bangkok_1,1,5880,25.4911766052246,0.700991928577423
8,R8A1,8,1,SAR_Dataset_Bangkok_1,1,7560,27.6016387939453,0.797341763973236
8,R8A1,8,1,SAR_Dataset_Bangkok_1,1,9241,26.6625423431396,0.815739333629608
8,R8A1,8,1,SAR_Dataset_Bangkok_1,1,10921,27.2735042572021,0.821327090263367
8,R8A1,8,1,SAR_Dataset_Bangkok_1,1,12601,26.1265735626221,0.807686805725098
8,R8A1,8,1,SAR_Dataset_Bangkok_1,1,14281,28.0549392700195,0.8162482380867
8,R8A1,8,1,SAR_Dataset_Bangkok_1,1,15961,26.9417724609375,0.82094007730484
8,R8A1,8,1,SAR_Dataset_city1_histeq,2,450,26.6260242462158,0.838619887828827
8,R8A1,8,1,SAR_Dataset_city1_histeq,2,1350,27.3889198303223,0.838442802429199
8,R8A1,8,1,SAR_Dataset_city1_histeq,2,2250,25.4945468902588,0.827393770217896
8,R8A1,8,1,SAR_Dataset_city1_histeq,2,3150,26.8356800079346,0.82895439863205
8,R8A1,8,1,SAR_Dataset_city1_histeq,2,4050,25.0223846435547,0.835825085639954
8,R8A1,8,1,SAR_Dataset_city1_histeq,2,4951,25.7135848999023,0.840444266796112
8,R8A1,8,1,SAR_Dataset_city1_histeq,2,5851,26.167293548584,0.812062859535217
8,R8A1,8,1,SAR_Dataset_city1_histeq,2,6751,26.9610366821289,0.797492206096649
8,R8A1,8,1,SAR_Dataset_city1_histeq,2,7651,26.515754699707,0.775264263153076
8,R8A1,8,1,SAR_Dataset_city1_histeq,2,8551,28.124828338623,0.810985922813416
8,R8A1,8,1,SAR_Dataset_city2_histeq,3,450,27.6396141052246,0.788657546043396
8,R8A1,8,1,SAR_Dataset_city2_histeq,3,1350,27.1916027069092,0.79045969247818
8,R8A1,8,1,SAR_Dataset_city2_histeq,3,2250,28.1971435546875,0.798589408397675
8,R8A1,8,1,SAR_Dataset_city2_histeq,3,3150,27.1444225311279,0.775789320468903
8,R8A1,8,1,SAR_Dataset_city2_histeq,3,4050,27.1758995056152,0.808586180210114
8,R8A1,8,1,SAR_Dataset_city2_histeq,3,4951,28.2567939758301,0.805597066879272
8,R8A1,8,1,SAR_Dataset_city2_histeq,3,5851,27.765754699707,0.792161345481873
8,R8A1,8,1,SAR_Dataset_city2_histeq,3,6751,26.7426567077637,0.787813007831573
8,R8A1,8,1,SAR_Dataset_city2_histeq,3,7651,27.8086242675781,0.790366053581238
8,R8A1,8,1,SAR_Dataset_city2_histeq,3,8551,25.3647022247314,0.795924067497253
8,R8A1,8,1,SAR_Dataset_SAR_figure,4,375,27.011589050293,0.773659348487854
8,R8A1,8,1,SAR_Dataset_SAR_figure,4,1125,26.2871761322021,0.807341337203979
8,R8A1,8,1,SAR_Dataset_SAR_figure,4,1875,25.2395133972168,0.839557290077209
8,R8A1,8,1,SAR_Dataset_SAR_figure,4,2625,24.0723438262939,0.83289635181427
8,R8A1,8,1,SAR_Dataset_SAR_figure,4,3375,25.2630825042725,0.823836743831635
8,R8A1,8,1,SAR_Dataset_SAR_figure,4,4126,24.6963520050049,0.833411037921906
8,R8A1,8,1,SAR_Dataset_SAR_figure,4,4876,26.2348251342773,0.821700096130371
8,R8A1,8,1,SAR_Dataset_SAR_figure,4,5626,24.1860466003418,0.826379537582397
8,R8A1,8,1,SAR_Dataset_SAR_figure,4,6376,25.3641471862793,0.812998235225677
8,R8A1,8,1,SAR_Dataset_SAR_figure,4,7126,27.6948146820068,0.800247073173523
8,R8A1,8,1,SAR_Dataset_filed,5,480,25.2650947570801,0.85834664106369
8,R8A1,8,1,SAR_Dataset_filed,5,1440,25.2257919311523,0.830613553524017
8,R8A1,8,1,SAR_Dataset_filed,5,2400,28.1747398376465,0.805454671382904
8,R8A1,8,1,SAR_Dataset_filed,5,3360,23.2562789916992,0.7865891456604
8,R8A1,8,1,SAR_Dataset_filed,5,4320,22.2653846740723,0.822088181972504
8,R8A1,8,1,SAR_Dataset_filed,5,5281,26.7407531738281,0.819535911083221
8,R8A1,8,1,SAR_Dataset_filed,5,6241,26.6111583709717,0.806680738925934
8,R8A1,8,1,SAR_Dataset_filed,5,7201,25.9393272399902,0.848307907581329
8,R8A1,8,1,SAR_Dataset_filed,5,8161,26.7263717651367,0.841757357120514
8,R8A1,8,1,SAR_Dataset_filed,5,9121,29.7846508026123,0.853430211544037
8,R8A1,8,1,SAR_Dataset_port,6,720,26.1609840393066,0.807229518890381
8,R8A1,8,1,SAR_Dataset_port,6,2160,24.6032333374023,0.828742802143097
8,R8A1,8,1,SAR_Dataset_port,6,3600,25.3347187042236,0.828252613544464
8,R8A1,8,1,SAR_Dataset_port,6,5040,24.9824409484863,0.835799753665924
8,R8A1,8,1,SAR_Dataset_port,6,6480,26.8028373718262,0.827685058116913
8,R8A1,8,1,SAR_Dataset_port,6,7921,24.1134166717529,0.824045836925507
8,R8A1,8,1,SAR_Dataset_port,6,9361,24.5533256530762,0.82665079832077
8,R8A1,8,1,SAR_Dataset_port,6,10801,24.0749435424805,0.806647419929504
8,R8A1,8,1,SAR_Dataset_port,6,12241,25.0112838745117,0.787536203861237
8,R8A1,8,1,SAR_Dataset_port,6,13681,30.3524169921875,0.875004589557648
8,R8A1,8,1,SAR_Dataset_suburb,7,705,26.6483383178711,0.830896198749542
8,R8A1,8,1,SAR_Dataset_suburb,7,2115,27.9903583526611,0.843643486499786
8,R8A1,8,1,SAR_Dataset_suburb,7,3525,27.8559913635254,0.832026720046997
8,R8A1,8,1,SAR_Dataset_suburb,7,4935,25.5849838256836,0.827785611152649
8,R8A1,8,1,SAR_Dataset_suburb,7,6345,24.3453826904297,0.813762068748474
8,R8A1,8,1,SAR_Dataset_suburb,7,7756,27.5081977844238,0.810852587223053
8,R8A1,8,1,SAR_Dataset_suburb,7,9166,26.7748260498047,0.793095290660858
8,R8A1,8,1,SAR_Dataset_suburb,7,10576,26.8326568603516,0.835558176040649
8,R8A1,8,1,SAR_Dataset_suburb,7,11986,26.9964427947998,0.817026972770691
8,R8A1,8,1,SAR_Dataset_suburb,7,13396,24.8076076507568,0.816060960292816
9,R1A9,1,9,SAR_Dataset_Bangkok_1,1,840,27.8418159484863,0.825121879577637
9,R1A9,1,9,SAR_Dataset_Bangkok_1,1,2520,26.525032043457,0.789782464504242
9,R1A9,1,9,SAR_Dataset_Bangkok_1,1,4200,27.1578388214111,0.789879262447357
9,R1A9,1,9,SAR_Dataset_Bangkok_1,1,5880,25.872163772583,0.715145289897919
9,R1A9,1,9,SAR_Dataset_Bangkok_1,1,7560,27.9068927764893,0.805943846702576
9,R1A9,1,9,SAR_Dataset_Bangkok_1,1,9241,26.767147064209,0.81833827495575
9,R1A9,1,9,SAR_Dataset_Bangkok_1,1,10921,27.232006072998,0.821117281913757
9,R1A9,1,9,SAR_Dataset_Bangkok_1,1,12601,25.2884902954102,0.797090649604797
9,R1A9,1,9,SAR_Dataset_Bangkok_1,1,14281,27.7042922973633,0.811132192611694
9,R1A9,1,9,SAR_Dataset_Bangkok_1,1,15961,26.9248466491699,0.822016954421997
9,R1A9,1,9,SAR_Dataset_city1_histeq,2,450,26.7856788635254,0.843064308166504
9,R1A9,1,9,SAR_Dataset_city1_histeq,2,1350,27.4527187347412,0.839789211750031
9,R1A9,1,9,SAR_Dataset_city1_histeq,2,2250,25.4544334411621,0.828340888023376
9,R1A9,1,9,SAR_Dataset_city1_histeq,2,3150,26.83544921875,0.829147279262543
9,R1A9,1,9,SAR_Dataset_city1_histeq,2,4050,24.9580402374268,0.835824072360992
9,R1A9,1,9,SAR_Dataset_city1_histeq,2,4951,25.8322563171387,0.844220221042633
9,R1A9,1,9,SAR_Dataset_city1_histeq,2,5851,26.1550617218018,0.814912259578705
9,R1A9,1,9,SAR_Dataset_city1_histeq,2,6751,26.9080181121826,0.799006164073944
9,R1A9,1,9,SAR_Dataset_city1_histeq,2,7651,26.7723045349121,0.783739745616913
9,R1A9,1,9,SAR_Dataset_city1_histeq,2,8551,28.1933059692383,0.813743054866791
9,R1A9,1,9,SAR_Dataset_city2_histeq,3,450,27.5449333190918,0.788135945796967
9,R1A9,1,9,SAR_Dataset_city2_histeq,3,1350,27.3575115203857,0.79018098115921
9,R1A9,1,9,SAR_Dataset_city2_histeq,3,2250,28.135986328125,0.798164904117584
9,R1A9,1,9,SAR_Dataset_city2_histeq,3,3150,28.0081062316895,0.796159565448761
9,R1A9,1,9,SAR_Dataset_city2_histeq,3,4050,27.238410949707,0.810241043567657
9,R1A9,1,9,SAR_Dataset_city2_histeq,3,4951,28.300048828125,0.807703197002411
9,R1A9,1,9,SAR_Dataset_city2_histeq,3,5851,27.7671127319336,0.793459713459015
9,R1A9,1,9,SAR_Dataset_city2_histeq,3,6751,27.1720008850098,0.800041079521179
9,R1A9,1,9,SAR_Dataset_city2_histeq,3,7651,27.996150970459,0.794959664344788
9,R1A9,1,9,SAR_Dataset_city2_histeq,3,8551,25.7295722961426,0.803776204586029
9,R1A9,1,9,SAR_Dataset_SAR_figure,4,375,26.8821887969971,0.772971510887146
9,R1A9,1,9,SAR_Dataset_SAR_figure,4,1125,25.9967041015625,0.806115388870239
9,R1A9,1,9,SAR_Dataset_SAR_figure,4,1875,25.318920135498,0.84240061044693
9,R1A9,1,9,SAR_Dataset_SAR_figure,4,2625,24.2153377532959,0.835448265075684
9,R1A9,1,9,SAR_Dataset_SAR_figure,4,3375,24.8199882507324,0.819044589996338
9,R1A9,1,9,SAR_Dataset_SAR_figure,4,4126,24.7943077087402,0.836381673812866
9,R1A9,1,9,SAR_Dataset_SAR_figure,4,4876,26.4375686645508,0.827796638011932
9,R1A9,1,9,SAR_Dataset_SAR_figure,4,5626,24.3704624176025,0.831081688404083
9,R1A9,1,9,SAR_Dataset_SAR_figure,4,6376,25.5224189758301,0.816844820976257
9,R1A9,1,9,SAR_Dataset_SAR_figure,4,7126,27.8051261901855,0.804136991500854
9,R1A9,1,9,SAR_Dataset_filed,5,480,24.9449081420898,0.853329598903656
9,R1A9,1,9,SAR_Dataset_filed,5,1440,25.3291606903076,0.832667171955109
9,R1A9,1,9,SAR_Dataset_filed,5,2400,28.2504062652588,0.808969438076019
9,R1A9,1,9,SAR_Dataset_filed,5,3360,23.2658081054688,0.78981077671051
9,R1A9,1,9,SAR_Dataset_filed,5,4320,21.8522930145264,0.816580057144165
9,R1A9,1,9,SAR_Dataset_filed,5,5281,26.5521583557129,0.818555235862732
9,R1A9,1,9,SAR_Dataset_filed,5,6241,27.1446075439453,0.816079616546631
9,R1A9,1,9,SAR_Dataset_filed,5,7201,25.8626670837402,0.850180983543396
9,R1A9,1,9,SAR_Dataset_filed,5,8161,26.7075042724609,0.842361271381378
9,R1A9,1,9,SAR_Dataset_filed,5,9121,29.8486862182617,0.856573283672333
9,R1A9,1,9,SAR_Dataset_port,6,720,25.7595157623291,0.801292419433594
9,R1A9,1,9,SAR_Dataset_port,6,2160,24.6599464416504,0.831628322601318
9,R1A9,1,9,SAR_Dataset_port,6,3600,25.3226737976074,0.828949630260468
9,R1A9,1,9,SAR_Dataset_port,6,5040,24.8006935119629,0.836536824703217
9,R1A9,1,9,SAR_Dataset_port,6,6480,26.7531108856201,0.828148424625397
9,R1A9,1,9,SAR_Dataset_port,6,7921,24.1662750244141,0.826062560081482
9,R1A9,1,9,SAR_Dataset_port,6,9361,25.1670551300049,0.835955023765564
9,R1A9,1,9,SAR_Dataset_port,6,10801,24.2885799407959,0.810215890407562
9,R1A9,1,9,SAR_Dataset_port,6,12241,24.9002819061279,0.789056181907654
9,R1A9,1,9,SAR_Dataset_port,6,13681,30.3700618743896,0.876173496246338
9,R1A9,1,9,SAR_Dataset_suburb,7,705,26.6571159362793,0.832714259624481
9,R1A9,1,9,SAR_Dataset_suburb,7,2115,27.8843212127686,0.843456625938416
9,R1A9,1,9,SAR_Dataset_suburb,7,3525,27.9783725738525,0.83556854724884
9,R1A9,1,9,SAR_Dataset_suburb,7,4935,25.6149139404297,0.830443382263184
9,R1A9,1,9,SAR_Dataset_suburb,7,6345,24.4630470275879,0.818091988563538
9,R1A9,1,9,SAR_Dataset_suburb,7,7756,27.4003829956055,0.810704052448273
9,R1A9,1,9,SAR_Dataset_suburb,7,9166,27.8714485168457,0.812253534793854
9,R1A9,1,9,SAR_Dataset_suburb,7,10576,26.888786315918,0.837777435779572
9,R1A9,1,9,SAR_Dataset_suburb,7,11986,25.9039344787598,0.802217960357666
9,R1A9,1,9,SAR_Dataset_suburb,7,13396,25.2533683776855,0.822408616542816
9,R3A3,3,3,SAR_Dataset_Bangkok_1,1,840,28.7735900878906,0.853280961513519
9,R3A3,3,3,SAR_Dataset_Bangkok_1,1,2520,27.2171764373779,0.821015357971191
9,R3A3,3,3,SAR_Dataset_Bangkok_1,1,4200,27.9115772247314,0.81914210319519
9,R3A3,3,3,SAR_Dataset_Bangkok_1,1,5880,25.9532852172852,0.728025853633881
9,R3A3,3,3,SAR_Dataset_Bangkok_1,1,7560,28.3610191345215,0.829813003540039
9,R3A3,3,3,SAR_Dataset_Bangkok_1,1,9241,27.2034492492676,0.840402960777283
9,R3A3,3,3,SAR_Dataset_Bangkok_1,1,10921,27.9164886474609,0.847682654857635
9,R3A3,3,3,SAR_Dataset_Bangkok_1,1,12601,26.563684463501,0.832308709621429
9,R3A3,3,3,SAR_Dataset_Bangkok_1,1,14281,28.5422134399414,0.841651022434235
9,R3A3,3,3,SAR_Dataset_Bangkok_1,1,15961,27.6060009002686,0.847297132015228
9,R3A3,3,3,SAR_Dataset_city1_histeq,2,450,27.3032684326172,0.861874461174011
9,R3A3,3,3,SAR_Dataset_city1_histeq,2,1350,27.8688411712646,0.859472393989563
9,R3A3,3,3,SAR_Dataset_city1_histeq,2,2250,25.975212097168,0.85020112991333
9,R3A3,3,3,SAR_Dataset_city1_histeq,2,3150,27.5423984527588,0.854750454425812
9,R3A3,3,3,SAR_Dataset_city1_histeq,2,4050,25.412654876709,0.85550332069397
9,R3A3,3,3,SAR_Dataset_city1_histeq,2,4951,26.2336540222168,0.862412571907043
9,R3A3,3,3,SAR_Dataset_city1_histeq,2,5851,26.8275661468506,0.840287506580353
9,R3A3,3,3,SAR_Dataset_city1_histeq,2,6751,27.9822521209717,0.832182109355927
9,R3A3,3,3,SAR_Dataset_city1_histeq,2,7651,27.3567409515381,0.813399732112885
9,R3A3,3,3,SAR_Dataset_city1_histeq,2,8551,28.7283477783203,0.838577151298523
9,R3A3,3,3,SAR_Dataset_city2_histeq,3,450,28.5868091583252,0.822957456111908
9,R3A3,3,3,SAR_Dataset_city2_histeq,3,1350,27.8874034881592,0.818566858768463
9,R3A3,3,3,SAR_Dataset_city2_histeq,3,2250,28.8432273864746,0.8281609416008
9,R3A3,3,3,SAR_Dataset_city2_histeq,3,3150,28.3222427368164,0.81764280796051
9,R3A3,3,3,SAR_Dataset_city2_histeq,3,4050,27.8043727874756,0.835883319377899
9,R3A3,3,3,SAR_Dataset_city2_histeq,3,4951,28.9264678955078,0.835846960544586
9,R3A3,3,3,SAR_Dataset_city2_histeq,3,5851,28.2694530487061,0.818774402141571
9,R3A3,3,3,SAR_Dataset_city2_histeq,3,6751,27.6517391204834,0.823543667793274
9,R3A3,3,3,SAR_Dataset_city2_histeq,3,7651,28.1403770446777,0.81511378288269
9,R3A3,3,3,SAR_Dataset_city2_histeq,3,8551,25.9195117950439,0.824295997619629
9,R3A3,3,3,SAR_Dataset_SAR_figure,4,375,27.2996311187744,0.801909983158112
9,R3A3,3,3,SAR_Dataset_SAR_figure,4,1125,26.0892887115479,0.823423087596893
9,R3A3,3,3,SAR_Dataset_SAR_figure,4,1875,25.8547611236572,0.862769722938538
9,R3A3,3,3,SAR_Dataset_SAR_figure,4,2625,25.4765090942383,0.864898264408112
9,R3A3,3,3,SAR_Dataset_SAR_figure,4,3375,25.714282989502,0.846399366855621
9,R3A3,3,3,SAR_Dataset_SAR_figure,4,4126,25.3101654052734,0.857059180736542
9,R3A3,3,3,SAR_Dataset_SAR_figure,4,4876,26.7518730163574,0.846042275428772
9,R3A3,3,3,SAR_Dataset_SAR_figure,4,5626,25.1963882446289,0.857446193695068
9,R3A3,3,3,SAR_Dataset_SAR_figure,4,6376,25.6843776702881,0.833663463592529
9,R3A3,3,3,SAR_Dataset_SAR_figure,4,7126,28.0833988189697,0.824493050575256
9,R3A3,3,3,SAR_Dataset_filed,5,480,25.6534614562988,0.874973714351654
9,R3A3,3,3,SAR_Dataset_filed,5,1440,25.4177169799805,0.850370645523071
9,R3A3,3,3,SAR_Dataset_filed,5,2400,28.4719581604004,0.821489870548248
9,R3A3,3,3,SAR_Dataset_filed,5,3360,23.7058811187744,0.810691475868225
9,R3A3,3,3,SAR_Dataset_filed,5,4320,22.2133655548096,0.836059033870697
9,R3A3,3,3,SAR_Dataset_filed,5,5281,27.4274291992188,0.845430195331573
9,R3A3,3,3,SAR_Dataset_filed,5,6241,27.7001094818115,0.839862406253815
9,R3A3,3,3,SAR_Dataset_filed,5,7201,26.4977359771729,0.870416164398193
9,R3A3,3,3,SAR_Dataset_filed,5,8161,27.2261981964111,0.862433791160583
9,R3A3,3,3,SAR_Dataset_filed,5,9121,30.3165092468262,0.874455213546753
9,R3A3,3,3,SAR_Dataset_port,6,720,26.4164161682129,0.828752100467682
9,R3A3,3,3,SAR_Dataset_port,6,2160,25.094654083252,0.852455794811249
9,R3A3,3,3,SAR_Dataset_port,6,3600,25.861328125,0.851906180381775
9,R3A3,3,3,SAR_Dataset_port,6,5040,25.7670288085938,0.862028479576111
9,R3A3,3,3,SAR_Dataset_port,6,6480,27.3918037414551,0.852640092372894
9,R3A3,3,3,SAR_Dataset_port,6,7921,24.2057800292969,0.842984557151794
9,R3A3,3,3,SAR_Dataset_port,6,9361,25.2719612121582,0.852584481239319
9,R3A3,3,3,SAR_Dataset_port,6,10801,24.4821453094482,0.828847110271454
9,R3A3,3,3,SAR_Dataset_port,6,12241,25.0181312561035,0.808600544929504
9,R3A3,3,3,SAR_Dataset_port,6,13681,31.0664577484131,0.894304513931274
9,R3A3,3,3,SAR_Dataset_suburb,7,705,26.944938659668,0.852395057678223
9,R3A3,3,3,SAR_Dataset_suburb,7,2115,28.4983749389648,0.864145398139954
9,R3A3,3,3,SAR_Dataset_suburb,7,3525,28.3902282714844,0.855876386165619
9,R3A3,3,3,SAR_Dataset_suburb,7,4935,26.1184196472168,0.852709174156189
9,R3A3,3,3,SAR_Dataset_suburb,7,6345,24.7895336151123,0.838447511196136
9,R3A3,3,3,SAR_Dataset_suburb,7,7756,28.2275218963623,0.839992880821228
9,R3A3,3,3,SAR_Dataset_suburb,7,9166,27.5963897705078,0.825127780437469
9,R3A3,3,3,SAR_Dataset_suburb,7,10576,27.3696517944336,0.857828199863434
9,R3A3,3,3,SAR_Dataset_suburb,7,11986,26.2943859100342,0.822888016700745
9,R3A3,3,3,SAR_Dataset_suburb,7,13396,25.6431541442871,0.842868030071259
9,R9A1,9,1,SAR_Dataset_Bangkok_1,1,840,28.1054019927979,0.830391049385071
9,R9A1,9,1,SAR_Dataset_Bangkok_1,1,2520,26.8466968536377,0.798884034156799
9,R9A1,9,1,SAR_Dataset_Bangkok_1,1,4200,27.315559387207,0.794917166233063
9,R9A1,9,1,SAR_Dataset_Bangkok_1,1,5880,25.7124977111816,0.709864854812622
9,R9A1,9,1,SAR_Dataset_Bangkok_1,1,7560,27.9332847595215,0.807076215744019
9,R9A1,9,1,SAR_Dataset_Bangkok_1,1,9241,26.5465545654297,0.816662430763245
9,R9A1,9,1,SAR_Dataset_Bangkok_1,1,10921,27.3451385498047,0.824988603591919
9,R9A1,9,1,SAR_Dataset_Bangkok_1,1,12601,25.9907550811768,0.808038175106049
9,R9A1,9,1,SAR_Dataset_Bangkok_1,1,14281,28.0523319244385,0.818508744239807
9,R9A1,9,1,SAR_Dataset_Bangkok_1,1,15961,26.9061889648438,0.823040962219238
9,R9A1,9,1,SAR_Dataset_city1_histeq,2,450,26.3411903381348,0.837174296379089
9,R9A1,9,1,SAR_Dataset_city1_histeq,2,1350,27.4716396331787,0.840467691421509
9,R9A1,9,1,SAR_Dataset_city1_histeq,2,2250,25.4532585144043,0.829222202301025
9,R9A1,9,1,SAR_Dataset_city1_histeq,2,3150,26.7884540557861,0.83037143945694
9,R9A1,9,1,SAR_Dataset_city1_histeq,2,4050,25.1374530792236,0.838244557380676
9,R9A1,9,1,SAR_Dataset_city1_histeq,2,4951,25.7448616027832,0.842329084873199
9,R9A1,9,1,SAR_Dataset_city1_histeq,2,5851,26.3015518188477,0.817743420600891
9,R9A1,9,1,SAR_Dataset_city1_histeq,2,6751,27.6090793609619,0.809585928916931
9,R9A1,9,1,SAR_Dataset_city1_histeq,2,7651,26.9477005004883,0.790191650390625
9,R9A1,9,1,SAR_Dataset_city1_histeq,2,8551,28.1871757507324,0.813794553279877
9,R9A1,9,1,SAR_Dataset_city2_histeq,3,450,27.6783905029297,0.792458176612854
9,R9A1,9,1,SAR_Dataset_city2_histeq,3,1350,27.1197357177734,0.794421017169952
9,R9A1,9,1,SAR_Dataset_city2_histeq,3,2250,28.160135269165,0.800205826759338
9,R9A1,9,1,SAR_Dataset_city2_histeq,3,3150,27.6881866455078,0.789823114871979
9,R9A1,9,1,SAR_Dataset_city2_histeq,3,4050,27.1759624481201,0.809803485870361
9,R9A1,9,1,SAR_Dataset_city2_histeq,3,4951,28.3875732421875,0.810617387294769
9,R9A1,9,1,SAR_Dataset_city2_histeq,3,5851,27.932559967041,0.797111451625824
9,R9A1,9,1,SAR_Dataset_city2_histeq,3,6751,27.1911964416504,0.799782633781433
9,R9A1,9,1,SAR_Dataset_city2_histeq,3,7651,27.5679168701172,0.789131879806519
9,R9A1,9,1,SAR_Dataset_city2_histeq,3,8551,26.1418113708496,0.805946171283722
9,R9A1,9,1,SAR_Dataset_SAR_figure,4,375,27.0927581787109,0.779207468032837
9,R9A1,9,1,SAR_Dataset_SAR_figure,4,1125,26.1069850921631,0.808552801609039
9,R9A1,9,1,SAR_Dataset_SAR_figure,4,1875,24.9759674072266,0.839057922363281
9,R9A1,9,1,SAR_Dataset_SAR_figure,4,2625,24.8862266540527,0.843706965446472
9,R9A1,9,1,SAR_Dataset_SAR_figure,4,3375,25.0843276977539,0.823827624320984
9,R9A1,9,1,SAR_Dataset_SAR_figure,4,4126,24.7226810455322,0.837174832820892
9,R9A1,9,1,SAR_Dataset_SAR_figure,4,4876,26.2062873840332,0.823522508144379
9,R9A1,9,1,SAR_Dataset_SAR_figure,4,5626,24.3672561645508,0.831232905387878
9,R9A1,9,1,SAR_Dataset_SAR_figure,4,6376,25.5275325775146,0.81724739074707
9,R9A1,9,1,SAR_Dataset_SAR_figure,4,7126,27.7958126068115,0.804860651493073
9,R9A1,9,1,SAR_Dataset_filed,5,480,25.2229614257812,0.857962906360626
9,R9A1,9,1,SAR_Dataset_filed,5,1440,25.5217380523682,0.835879623889923
9,R9A1,9,1,SAR_Dataset_filed,5,2400,28.2331275939941,0.812146008014679
9,R9A1,9,1,SAR_Dataset_filed,5,3360,23.286003112793,0.789904356002808
9,R9A1,9,1,SAR_Dataset_filed,5,4320,22.300012588501,0.825007736682892
9,R9A1,9,1,SAR_Dataset_filed,5,5281,26.516637802124,0.818649590015411
9,R9A1,9,1,SAR_Dataset_filed,5,6241,26.6978225708008,0.808831572532654
9,R9A1,9,1,SAR_Dataset_filed,5,7201,26.0662155151367,0.852906763553619
9,R9A1,9,1,SAR_Dataset_filed,5,8161,26.7300872802734,0.843344509601593
9,R9A1,9,1,SAR_Dataset_filed,5,9121,29.7316398620605,0.854620337486267
9,R9A1,9,1,SAR_Dataset_port,6,720,26.0810070037842,0.80844259262085
9,R9A1,9,1,SAR_Dataset_port,6,2160,24.5380802154541,0.829606235027313
9,R9A1,9,1,SAR_Dataset_port,6,3600,25.2603511810303,0.828800320625305
9,R9A1,9,1,SAR_Dataset_port,6,5040,25.4539566040039,0.843160927295685
9,R9A1,9,1,SAR_Dataset_port,6,6480,26.8626136779785,0.830505549907684
9,R9A1,9,1,SAR_Dataset_port,6,7921,24.1510124206543,0.826431512832642
9,R9A1,9,1,SAR_Dataset_port,6,9361,24.555456161499,0.828999638557434
9,R9A1,9,1,SAR_Dataset_port,6,10801,23.8934135437012,0.804619431495667
9,R9A1,9,1,SAR_Dataset_port,6,12241,25.1229362487793,0.791817247867584
9,R9A1,9,1,SAR_Dataset_port,6,13681,30.3489379882812,0.875430226325989
9,R9A1,9,1,SAR_Dataset_suburb,7,705,26.8501815795898,0.835538864135742
9,R9A1,9,1,SAR_Dataset_suburb,7,2115,28.0295848846436,0.846137583255768
9,R9A1,9,1,SAR_Dataset_suburb,7,3525,27.797872543335,0.835194706916809
9,R9A1,9,1,SAR_Dataset_suburb,7,4935,25.6617965698242,0.832450866699219
9,R9A1,9,1,SAR_Dataset_suburb,7,6345,23.9035606384277,0.810386776924133
9,R9A1,9,1,SAR_Dataset_suburb,7,7756,27.4557018280029,0.811437487602234
9,R9A1,9,1,SAR_Dataset_suburb,7,9166,27.3539962768555,0.805019080638885
9,R9A1,9,1,SAR_Dataset_suburb,7,10576,26.8993034362793,0.838213622570038
9,R9A1,9,1,SAR_Dataset_suburb,7,11986,27.1931095123291,0.822239220142365
9,R9A1,9,1,SAR_Dataset_suburb,7,13396,25.109281539917,0.822061896324158
10,R1A10,1,10,SAR_Dataset_Bangkok_1,1,840,27.8076553344727,0.82685798406601
10,R1A10,1,10,SAR_Dataset_Bangkok_1,1,2520,26.7180652618408,0.797169029712677
10,R1A10,1,10,SAR_Dataset_Bangkok_1,1,4200,27.4254703521729,0.798308610916138
10,R1A10,1,10,SAR_Dataset_Bangkok_1,1,5880,25.7261829376221,0.713899254798889
10,R1A10,1,10,SAR_Dataset_Bangkok_1,1,7560,27.9774208068848,0.809595823287964
10,R1A10,1,10,SAR_Dataset_Bangkok_1,1,9241,26.6726875305176,0.820221543312073
10,R1A10,1,10,SAR_Dataset_Bangkok_1,1,10921,27.4334621429443,0.826993227005005
10,R1A10,1,10,SAR_Dataset_Bangkok_1,1,12601,25.7448997497559,0.805228888988495
10,R1A10,1,10,SAR_Dataset_Bangkok_1,1,14281,27.8355751037598,0.816116213798523
10,R1A10,1,10,SAR_Dataset_Bangkok_1,1,15961,26.9752712249756,0.824623107910156
10,R1A10,1,10,SAR_Dataset_city1_histeq,2,450,26.6897583007812,0.843640446662903
10,R1A10,1,10,SAR_Dataset_city1_histeq,2,1350,27.4147262573242,0.841769695281982
10,R1A10,1,10,SAR_Dataset_city1_histeq,2,2250,25.5134010314941,0.832073986530304
10,R1A10,1,10,SAR_Dataset_city1_histeq,2,3150,26.8481330871582,0.831626057624817
10,R1A10,1,10,SAR_Dataset_city1_histeq,2,4050,25.0818099975586,0.839066505432129
10,R1A10,1,10,SAR_Dataset_city1_histeq,2,4951,25.8163642883301,0.84460574388504
10,R1A10,1,10,SAR_Dataset_city1_histeq,2,5851,26.2975959777832,0.818464040756226
10,R1A10,1,10,SAR_Dataset_city1_histeq,2,6751,27.1519393920898,0.803207397460938
10,R1A10,1,10,SAR_Dataset_city1_histeq,2,7651,26.8896331787109,0.789287865161896
10,R1A10,1,10,SAR_Dataset_city1_histeq,2,8551,28.22678565979,0.815482437610626
10,R1A10,1,10,SAR_Dataset_city2_histeq,3,450,27.669771194458,0.792332351207733
10,R1A10,1,10,SAR_Dataset_city2_histeq,3,1350,27.3815231323242,0.794428825378418
10,R1A10,1,10,SAR_Dataset_city2_histeq,3,2250,28.2995319366455,0.804009735584259
10,R1A10,1,10,SAR_Dataset_city2_histeq,3,3150,28.0231666564941,0.797458827495575
10,R1A10,1,10,SAR_Dataset_city2_histeq,3,4050,27.1392993927002,0.809950709342957
10,R1A10,1,10,SAR_Dataset_city2_histeq,3,4951,28.453197479248,0.813283860683441
10,R1A10,1,10,SAR_Dataset_city2_histeq,3,5851,27.8132171630859,0.795709908008575
10,R1A10,1,10,SAR_Dataset_city2_histeq,3,6751,27.2433834075928,0.801787912845612
10,R1A10,1,10,SAR_Dataset_city2_histeq,3,7651,28.0172386169434,0.797491550445557
10,R1A10,1,10,SAR_Dataset_city2_histeq,3,8551,25.7723140716553,0.80497819185257
10,R1A10,1,10,SAR_Dataset_SAR_figure,4,375,26.9837093353271,0.778977155685425
10,R1A10,1,10,SAR_Dataset_SAR_figure,4,1125,25.8730659484863,0.805984020233154
10,R1A10,1,10,SAR_Dataset_SAR_figure,4,1875,25.3580513000488,0.84377908706665
10,R1A10,1,10,SAR_Dataset_SAR_figure,4,2625,24.886344909668,0.845742106437683
10,R1A10,1,10,SAR_Dataset_SAR_figure,4,3375,25.1784420013428,0.825249016284943
10,R1A10,1,10,SAR_Dataset_SAR_figure,4,4126,24.7228355407715,0.83749520778656
10,R1A10,1,10,SAR_Dataset_SAR_figure,4,4876,26.5006484985352,0.830414831638336
10,R1A10,1,10,SAR_Dataset_SAR_figure,4,5626,24.1751575469971,0.829188525676727
10,R1A10,1,10,SAR_Dataset_SAR_figure,4,6376,25.6245803833008,0.819754838943481
10,R1A10,1,10,SAR_Dataset_SAR_figure,4,7126,27.9469261169434,0.806228935718536
10,R1A10,1,10,SAR_Dataset_filed,5,480,25.3927879333496,0.862695932388306
10,R1A10,1,10,SAR_Dataset_filed,5,1440,25.4150009155273,0.835420250892639
10,R1A10,1,10,SAR_Dataset_filed,5,2400,28.3124122619629,0.813635349273682
10,R1A10,1,10,SAR_Dataset_filed,5,3360,23.2831478118896,0.792867541313171
10,R1A10,1,10,SAR_Dataset_filed,5,4320,21.7934513092041,0.817861437797546
10,R1A10,1,10,SAR_Dataset_filed,5,5281,26.7612724304199,0.823009610176086
10,R1A10,1,10,SAR_Dataset_filed,5,6241,26.9133605957031,0.816128015518188
10,R1A10,1,10,SAR_Dataset_filed,5,7201,25.8777847290039,0.851855039596558
10,R1A10,1,10,SAR_Dataset_filed,5,8161,26.7705230712891,0.844751298427582
10,R1A10,1,10,SAR_Dataset_filed,5,9121,29.8943138122559,0.858937323093414
10,R1A10,1,10,SAR_Dataset_port,6,720,26.0352535247803,0.808710098266602
10,R1A10,1,10,SAR_Dataset_port,6,2160,24.7049732208252,0.833147287368774
10,R1A10,1,10,SAR_Dataset_port,6,3600,25.153865814209,0.829663038253784
10,R1A10,1,10,SAR_Dataset_port,6,5040,24.9945182800293,0.840172588825226
10,R1A10,1,10,SAR_Dataset_port,6,6480,26.9649848937988,0.833856344223022
10,R1A10,1,10,SAR_Dataset_port,6,7921,24.1452121734619,0.82828015089035
10,R1A10,1,10,SAR_Dataset_port,6,9361,25.2941665649414,0.838987529277802
10,R1A10,1,10,SAR_Dataset_port,6,10801,24.2090797424316,0.810471296310425
10,R1A10,1,10,SAR_Dataset_port,6,12241,25.0871105194092,0.791912317276001
10,R1A10,1,10,SAR_Dataset_port,6,13681,30.2247219085693,0.875996351242065
10,R1A10,1,10,SAR_Dataset_suburb,7,705,26.5752449035645,0.831758260726929
10,R1A10,1,10,SAR_Dataset_suburb,7,2115,28.0887069702148,0.847478270530701
10,R1A10,1,10,SAR_Dataset_suburb,7,3525,27.7319869995117,0.83452832698822
10,R1A10,1,10,SAR_Dataset_suburb,7,4935,25.6591320037842,0.833413779735565
10,R1A10,1,10,SAR_Dataset_suburb,7,6345,24.5173435211182,0.821349143981934
10,R1A10,1,10,SAR_Dataset_suburb,7,7756,27.0556793212891,0.806938827037811
10,R1A10,1,10,SAR_Dataset_suburb,7,9166,27.0640354156494,0.80238664150238
10,R1A10,1,10,SAR_Dataset_suburb,7,10576,26.8922691345215,0.838932394981384
10,R1A10,1,10,SAR_Dataset_suburb,7,11986,25.940258026123,0.804725766181946
10,R1A10,1,10,SAR_Dataset_suburb,7,13396,25.3067111968994,0.824736356735229
10,R2A5,2,5,SAR_Dataset_Bangkok_1,1,840,28.7755966186523,0.855522990226746
10,R2A5,2,5,SAR_Dataset_Bangkok_1,1,2520,27.2013111114502,0.822137057781219
10,R2A5,2,5,SAR_Dataset_Bangkok_1,1,4200,28.1344795227051,0.828130900859833
10,R2A5,2,5,SAR_Dataset_Bangkok_1,1,5880,26.1839084625244,0.738208532333374
10,R2A5,2,5,SAR_Dataset_Bangkok_1,1,7560,28.2021598815918,0.828005313873291
10,R2A5,2,5,SAR_Dataset_Bangkok_1,1,9241,26.8502426147461,0.83809095621109
10,R2A5,2,5,SAR_Dataset_Bangkok_1,1,10921,27.9164009094238,0.848187685012817
10,R2A5,2,5,SAR_Dataset_Bangkok_1,1,12601,26.349630355835,0.831155478954315
10,R2A5,2,5,SAR_Dataset_Bangkok_1,1,14281,28.514476776123,0.842718124389648
10,R2A5,2,5,SAR_Dataset_Bangkok_1,1,15961,27.5179023742676,0.847182989120483
10,R2A5,2,5,SAR_Dataset_city1_histeq,2,450,27.1561527252197,0.862141311168671
10,R2A5,2,5,SAR_Dataset_city1_histeq,2,1350,27.7826614379883,0.859679579734802
10,R2A5,2,5,SAR_Dataset_city1_histeq,2,2250,25.95534324646,0.85202819108963
10,R2A5,2,5,SAR_Dataset_city1_histeq,2,3150,27.1315422058105,0.850524663925171
10,R2A5,2,5,SAR_Dataset_city1_histeq,2,4050,25.6322174072266,0.86053079366684
10,R2A5,2,5,SAR_Dataset_city1_histeq,2,4951,26.4006786346436,0.866305410861969
10,R2A5,2,5,SAR_Dataset_city1_histeq,2,5851,26.9139499664307,0.843905806541443
10,R2A5,2,5,SAR_Dataset_city1_histeq,2,6751,28.4434051513672,0.838887691497803
10,R2A5,2,5,SAR_Dataset_city1_histeq,2,7651,27.2780494689941,0.811953902244568
10,R2A5,2,5,SAR_Dataset_city1_histeq,2,8551,28.7742900848389,0.841389834880829
10,R2A5,2,5,SAR_Dataset_city2_histeq,3,450,28.1934719085693,0.819817185401917
10,R2A5,2,5,SAR_Dataset_city2_histeq,3,1350,27.8169631958008,0.822645485401154
10,R2A5,2,5,SAR_Dataset_city2_histeq,3,2250,28.8222770690918,0.828978657722473
10,R2A5,2,5,SAR_Dataset_city2_histeq,3,3150,28.4397411346436,0.820946991443634
10,R2A5,2,5,SAR_Dataset_city2_histeq,3,4050,27.7814521789551,0.836614847183228
10,R2A5,2,5,SAR_Dataset_city2_histeq,3,4951,28.9491424560547,0.83777117729187
10,R2A5,2,5,SAR_Dataset_city2_histeq,3,5851,28.1490211486816,0.819170653820038
10,R2A5,2,5,SAR_Dataset_city2_histeq,3,6751,27.7675552368164,0.830515265464783
10,R2A5,2,5,SAR_Dataset_city2_histeq,3,7651,28.4402275085449,0.82060694694519
10,R2A5,2,5,SAR_Dataset_city2_histeq,3,8551,25.7520370483398,0.825003981590271
10,R2A5,2,5,SAR_Dataset_SAR_figure,4,375,27.3446502685547,0.803601920604706
10,R2A5,2,5,SAR_Dataset_SAR_figure,4,1125,26.5142078399658,0.82913464307785
10,R2A5,2,5,SAR_Dataset_SAR_figure,4,1875,25.8515071868896,0.86340606212616
10,R2A5,2,5,SAR_Dataset_SAR_figure,4,2625,25.5468940734863,0.867060422897339
10,R2A5,2,5,SAR_Dataset_SAR_figure,4,3375,25.7998180389404,0.849833846092224
10,R2A5,2,5,SAR_Dataset_SAR_figure,4,4126,25.3785209655762,0.85992419719696
10,R2A5,2,5,SAR_Dataset_SAR_figure,4,4876,26.9212055206299,0.850393235683441
10,R2A5,2,5,SAR_Dataset_SAR_figure,4,5626,24.6120357513428,0.84966242313385
10,R2A5,2,5,SAR_Dataset_SAR_figure,4,6376,25.9943885803223,0.840492725372314
10,R2A5,2,5,SAR_Dataset_SAR_figure,4,7126,28.1326465606689,0.828492343425751
10,R2A5,2,5,SAR_Dataset_filed,5,480,25.3976268768311,0.871855795383453
10,R2A5,2,5,SAR_Dataset_filed,5,1440,25.889720916748,0.856654584407806
10,R2A5,2,5,SAR_Dataset_filed,5,2400,28.5303344726562,0.828220129013062
10,R2A5,2,5,SAR_Dataset_filed,5,3360,23.7684211730957,0.814316391944885
10,R2A5,2,5,SAR_Dataset_filed,5,4320,22.5779705047607,0.844988524913788
10,R2A5,2,5,SAR_Dataset_filed,5,5281,27.4716415405273,0.850181758403778
10,R2A5,2,5,SAR_Dataset_filed,5,6241,27.748664855957,0.843645572662354
10,R2A5,2,5,SAR_Dataset_filed,5,7201,26.5278224945068,0.872566342353821
10,R2A5,2,5,SAR_Dataset_filed,5,8161,27.2654762268066,0.864046335220337
10,R2A5,2,5,SAR_Dataset_filed,5,9121,30.2546901702881,0.875961780548096
10,R2A5,2,5,SAR_Dataset_port,6,720,25.9635562896729,0.824412167072296
10,R2A5,2,5,SAR_Dataset_port,6,2160,24.9236259460449,0.85276585817337
10,R2A5,2,5,SAR_Dataset_port,6,3600,25.973445892334,0.854582548141479
10,R2A5,2,5,SAR_Dataset_port,6,5040,25.935474395752,0.86528092622757
10,R2A5,2,5,SAR_Dataset_port,6,6480,27.4902820587158,0.855526208877563
10,R2A5,2,5,SAR_Dataset_port,6,7921,24.4453163146973,0.847575724124908
10,R2A5,2,5,SAR_Dataset_port,6,9361,25.072582244873,0.852442383766174
10,R2A5,2,5,SAR_Dataset_port,6,10801,24.3685245513916,0.82827240228653
10,R2A5,2,5,SAR_Dataset_port,6,12241,24.9594020843506,0.80724436044693
10,R2A5,2,5,SAR_Dataset_port,6,13681,30.6226768493652,0.890647232532501
10,R2A5,2,5,SAR_Dataset_suburb,7,705,26.9947128295898,0.853348195552826
10,R2A5,2,5,SAR_Dataset_suburb,7,2115,28.5810165405273,0.866787612438202
10,R2A5,2,5,SAR_Dataset_suburb,7,3525,28.3725280761719,0.85771769285202
10,R2A5,2,5,SAR_Dataset_suburb,7,4935,26.0511417388916,0.85332316160202
10,R2A5,2,5,SAR_Dataset_suburb,7,6345,24.9515037536621,0.841767430305481
10,R2A5,2,5,SAR_Dataset_suburb,7,7756,28.0927429199219,0.839832723140717
10,R2A5,2,5,SAR_Dataset_suburb,7,9166,28.4844245910645,0.839839339256287
10,R2A5,2,5,SAR_Dataset_suburb,7,10576,27.4300479888916,0.859645843505859
10,R2A5,2,5,SAR_Dataset_suburb,7,11986,26.6293525695801,0.830200433731079
10,R2A5,2,5,SAR_Dataset_suburb,7,13396,25.8262557983398,0.847922325134277
10,R5A2,5,2,SAR_Dataset_Bangkok_1,1,840,28.5587329864502,0.851913452148438
10,R5A2,5,2,SAR_Dataset_Bangkok_1,1,2520,27.1377067565918,0.819804847240448
10,R5A2,5,2,SAR_Dataset_Bangkok_1,1,4200,27.9860954284668,0.822577357292175
10,R5A2,5,2,SAR_Dataset_Bangkok_1,1,5880,26.3090171813965,0.741080045700073
10,R5A2,5,2,SAR_Dataset_Bangkok_1,1,7560,28.4002285003662,0.832727432250977
10,R5A2,5,2,SAR_Dataset_Bangkok_1,1,9241,27.1404438018799,0.842708706855774
10,R5A2,5,2,SAR_Dataset_Bangkok_1,1,10921,27.9326858520508,0.848657667636871
10,R5A2,5,2,SAR_Dataset_Bangkok_1,1,12601,25.8366813659668,0.823787331581116
10,R5A2,5,2,SAR_Dataset_Bangkok_1,1,14281,28.5969829559326,0.843897640705109
10,R5A2,5,2,SAR_Dataset_Bangkok_1,1,15961,27.3460273742676,0.845382988452911
10,R5A2,5,2,SAR_Dataset_city1_histeq,2,450,27.0935974121094,0.861869692802429
10,R5A2,5,2,SAR_Dataset_city1_histeq,2,1350,27.8051605224609,0.859975934028625
10,R5A2,5,2,SAR_Dataset_city1_histeq,2,2250,26.0011653900146,0.852873682975769
10,R5A2,5,2,SAR_Dataset_city1_histeq,2,3150,27.6059703826904,0.858555197715759
10,R5A2,5,2,SAR_Dataset_city1_histeq,2,4050,25.5564270019531,0.859884917736053
10,R5A2,5,2,SAR_Dataset_city1_histeq,2,4951,26.2853889465332,0.864405751228333
10,R5A2,5,2,SAR_Dataset_city1_histeq,2,5851,26.9034576416016,0.84372353553772
10,R5A2,5,2,SAR_Dataset_city1_histeq,2,6751,28.1864471435547,0.837076723575592
10,R5A2,5,2,SAR_Dataset_city1_histeq,2,7651,27.1731033325195,0.809772491455078
10,R5A2,5,2,SAR_Dataset_city1_histeq,2,8551,28.8148403167725,0.840994894504547
10,R5A2,5,2,SAR_Dataset_city2_histeq,3,450,28.3159046173096,0.821111977100372
10,R5A2,5,2,SAR_Dataset_city2_histeq,3,1350,27.7800922393799,0.821700274944305
10,R5A2,5,2,SAR_Dataset_city2_histeq,3,2250,28.8752708435059,0.830304801464081
10,R5A2,5,2,SAR_Dataset_city2_histeq,3,3150,28.6739559173584,0.82632577419281
10,R5A2,5,2,SAR_Dataset_city2_histeq,3,4050,27.7111644744873,0.835662007331848
10,R5A2,5,2,SAR_Dataset_city2_histeq,3,4951,29.014778137207,0.840941846370697
10,R5A2,5,2,SAR_Dataset_city2_histeq,3,5851,28.2923717498779,0.821054935455322
10,R5A2,5,2,SAR_Dataset_city2_histeq,3,6751,27.7904434204102,0.829374372959137
10,R5A2,5,2,SAR_Dataset_city2_histeq,3,7651,28.7450561523438,0.82575261592865
10,R5A2,5,2,SAR_Dataset_city2_histeq,3,8551,26.068431854248,0.828935742378235
10,R5A2,5,2,SAR_Dataset_SAR_figure,4,375,27.3026447296143,0.806085407733917
10,R5A2,5,2,SAR_Dataset_SAR_figure,4,1125,26.3982543945312,0.831268727779388
10,R5A2,5,2,SAR_Dataset_SAR_figure,4,1875,25.8832359313965,0.863610327243805
10,R5A2,5,2,SAR_Dataset_SAR_figure,4,2625,25.9688186645508,0.870444715023041
10,R5A2,5,2,SAR_Dataset_SAR_figure,4,3375,25.7540588378906,0.848476886749268
10,R5A2,5,2,SAR_Dataset_SAR_figure,4,4126,25.2288246154785,0.858189225196838
10,R5A2,5,2,SAR_Dataset_SAR_figure,4,4876,27.0163249969482,0.851656854152679
10,R5A2,5,2,SAR_Dataset_SAR_figure,4,5626,24.6649646759033,0.850368082523346
10,R5A2,5,2,SAR_Dataset_SAR_figure,4,6376,25.8975791931152,0.839613974094391
10,R5A2,5,2,SAR_Dataset_SAR_figure,4,7126,28.2447643280029,0.830159723758698
10,R5A2,5,2,SAR_Dataset_filed,5,480,25.3125648498535,0.870909869670868
10,R5A2,5,2,SAR_Dataset_filed,5,1440,25.9887866973877,0.857874155044556
10,R5A2,5,2,SAR_Dataset_filed,5,2400,28.5868949890137,0.828065454959869
10,R5A2,5,2,SAR_Dataset_filed,5,3360,23.6908435821533,0.813602805137634
10,R5A2,5,2,SAR_Dataset_filed,5,4320,22.4954833984375,0.842991590499878
10,R5A2,5,2,SAR_Dataset_filed,5,5281,27.4133987426758,0.848453760147095
10,R5A2,5,2,SAR_Dataset_filed,5,6241,27.607837677002,0.839484214782715
10,R5A2,5,2,SAR_Dataset_filed,5,7201,26.6087684631348,0.873117029666901
10,R5A2,5,2,SAR_Dataset_filed,5,8161,27.2526206970215,0.865637123584747
10,R5A2,5,2,SAR_Dataset_filed,5,9121,30.2623653411865,0.874678373336792
10,R5A2,5,2,SAR_Dataset_port,6,720,26.916597366333,0.838041067123413
10,R5A2,5,2,SAR_Dataset_port,6,2160,24.8939208984375,0.851395666599274
10,R5A2,5,2,SAR_Dataset_port,6,3600,25.8625564575195,0.852702796459198
10,R5A2,5,2,SAR_Dataset_port,6,5040,25.6864395141602,0.863181948661804
10,R5A2,5,2,SAR_Dataset_port,6,6480,27.3682899475098,0.85384863615036
10,R5A2,5,2,SAR_Dataset_port,6,7921,24.2954025268555,0.845101654529572
10,R5A2,5,2,SAR_Dataset_port,6,9361,25.4673652648926,0.855738639831543
10,R5A2,5,2,SAR_Dataset_port,6,10801,24.3424301147461,0.827743589878082
10,R5A2,5,2,SAR_Dataset_port,6,12241,25.2863216400146,0.812686264514923
10,R5A2,5,2,SAR_Dataset_port,6,13681,30.8239936828613,0.892967283725739
10,R5A2,5,2,SAR_Dataset_suburb,7,705,26.8156318664551,0.85151994228363
10,R5A2,5,2,SAR_Dataset_suburb,7,2115,28.5171394348145,0.86652272939682
10,R5A2,5,2,SAR_Dataset_suburb,7,3525,28.1204433441162,0.854787528514862
10,R5A2,5,2,SAR_Dataset_suburb,7,4935,26.2407703399658,0.85482919216156
10,R5A2,5,2,SAR_Dataset_suburb,7,6345,24.9005012512207,0.840894281864166
10,R5A2,5,2,SAR_Dataset_suburb,7,7756,28.1334075927734,0.840015351772308
10,R5A2,5,2,SAR_Dataset_suburb,7,9166,28.357494354248,0.837114214897156
10,R5A2,5,2,SAR_Dataset_suburb,7,10576,27.4290428161621,0.859313428401947
10,R5A2,5,2,SAR_Dataset_suburb,7,11986,27.2759704589844,0.840125322341919
10,R5A2,5,2,SAR_Dataset_suburb,7,13396,25.6641216278076,0.845824539661407
10,R10A1,10,1,SAR_Dataset_Bangkok_1,1,840,27.6126708984375,0.824590682983398
10,R10A1,10,1,SAR_Dataset_Bangkok_1,1,2520,26.7003898620605,0.795513570308685
10,R10A1,10,1,SAR_Dataset_Bangkok_1,1,4200,27.4662246704102,0.800762236118317
10,R10A1,10,1,SAR_Dataset_Bangkok_1,1,5880,25.6438140869141,0.709855139255524
10,R10A1,10,1,SAR_Dataset_Bangkok_1,1,7560,28.012866973877,0.810762822628021
10,R10A1,10,1,SAR_Dataset_Bangkok_1,1,9241,26.9745998382568,0.823349118232727
10,R10A1,10,1,SAR_Dataset_Bangkok_1,1,10921,27.4033050537109,0.826426386833191
10,R10A1,10,1,SAR_Dataset_Bangkok_1,1,12601,26.0231285095215,0.810623943805695
10,R10A1,10,1,SAR_Dataset_Bangkok_1,1,14281,28.1010322570801,0.820786952972412
10,R10A1,10,1,SAR_Dataset_Bangkok_1,1,15961,27.0477447509766,0.826896548271179
10,R10A1,10,1,SAR_Dataset_city1_histeq,2,450,26.8430614471436,0.84482604265213
10,R10A1,10,1,SAR_Dataset_city1_histeq,2,1350,27.5329818725586,0.843555092811584
10,R10A1,10,1,SAR_Dataset_city1_histeq,2,2250,25.3941688537598,0.830826938152313
10,R10A1,10,1,SAR_Dataset_city1_histeq,2,3150,26.9075374603271,0.834239840507507
10,R10A1,10,1,SAR_Dataset_city1_histeq,2,4050,24.8435440063477,0.83826607465744
10,R10A1,10,1,SAR_Dataset_city1_histeq,2,4951,25.7996463775635,0.844717383384705
10,R10A1,10,1,SAR_Dataset_city1_histeq,2,5851,26.3818531036377,0.82063752412796
10,R10A1,10,1,SAR_Dataset_city1_histeq,2,6751,27.1260929107666,0.805179715156555
10,R10A1,10,1,SAR_Dataset_city1_histeq,2,7651,26.8620529174805,0.788245916366577
10,R10A1,10,1,SAR_Dataset_city1_histeq,2,8551,28.2924747467041,0.818587958812714
10,R10A1,10,1,SAR_Dataset_city2_histeq,3,450,27.4600200653076,0.791309297084808
10,R10A1,10,1,SAR_Dataset_city2_histeq,3,1350,27.1104927062988,0.796763479709625
10,R10A1,10,1,SAR_Dataset_city2_histeq,3,2250,28.1601161956787,0.801931858062744
10,R10A1,10,1,SAR_Dataset_city2_histeq,3,3150,27.8197250366211,0.794045984745026
10,R10A1,10,1,SAR_Dataset_city2_histeq,3,4050,27.23828125,0.812558591365814
10,R10A1,10,1,SAR_Dataset_city2_histeq,3,4951,28.4553241729736,0.814649820327759
10,R10A1,10,1,SAR_Dataset_city2_histeq,3,5851,27.7714748382568,0.796383500099182
10,R10A1,10,1,SAR_Dataset_city2_histeq,3,6751,27.0111465454102,0.796940803527832
10,R10A1,10,1,SAR_Dataset_city2_histeq,3,7651,28.0838088989258,0.798642039299011
10,R10A1,10,1,SAR_Dataset_city2_histeq,3,8551,25.9942512512207,0.807478487491608
10,R10A1,10,1,SAR_Dataset_SAR_figure,4,375,27.1561279296875,0.783930838108063
10,R10A1,10,1,SAR_Dataset_SAR_figure,4,1125,26.2805862426758,0.812056243419647
10,R10A1,10,1,SAR_Dataset_SAR_figure,4,1875,25.3100814819336,0.842356324195862
10,R10A1,10,1,SAR_Dataset_SAR_figure,4,2625,24.7913093566895,0.845508873462677
10,R10A1,10,1,SAR_Dataset_SAR_figure,4,3375,25.18479347229,0.826345860958099
10,R10A1,10,1,SAR_Dataset_SAR_figure,4,4126,24.8765487670898,0.839225172996521
10,R10A1,10,1,SAR_Dataset_SAR_figure,4,4876,26.2436408996582,0.825557887554169
10,R10A1,10,1,SAR_Dataset_SAR_figure,4,5626,24.103141784668,0.828184187412262
10,R10A1,10,1,SAR_Dataset_SAR_figure,4,6376,25.2297401428223,0.814602792263031
10,R10A1,10,1,SAR_Dataset_SAR_figure,4,7126,27.8168754577637,0.808533132076263
10,R10A1,10,1,SAR_Dataset_filed,5,480,25.1810035705566,0.859126925468445
10,R10A1,10,1,SAR_Dataset_filed,5,1440,25.4414539337158,0.835941135883331
10,R10A1,10,1,SAR_Dataset_filed,5,2400,28.2902355194092,0.813416659832001
10,R10A1,10,1,SAR_Dataset_filed,5,3360,23.3447856903076,0.792757093906403
10,R10A1,10,1,SAR_Dataset_filed,5,4320,22.272647857666,0.824977159500122
10,R10A1,10,1,SAR_Dataset_filed,5,5281,26.8116836547852,0.824908316135406
10,R10A1,10,1,SAR_Dataset_filed,5,6241,26.6247062683105,0.810773968696594
10,R10A1,10,1,SAR_Dataset_filed,5,7201,26.0741710662842,0.853736519813538
10,R10A1,10,1,SAR_Dataset_filed,5,8161,26.8289184570312,0.846230208873749
10,R10A1,10,1,SAR_Dataset_filed,5,9121,29.8385601043701,0.857867181301117
10,R10A1,10,1,SAR_Dataset_port,6,720,25.837366104126,0.806606769561768
10,R10A1,10,1,SAR_Dataset_port,6,2160,24.7282695770264,0.834792196750641
10,R10A1,10,1,SAR_Dataset_port,6,3600,25.4316921234131,0.833290636539459
10,R10A1,10,1,SAR_Dataset_port,6,5040,25.1003036499023,0.842664062976837
10,R10A1,10,1,SAR_Dataset_port,6,6480,26.7576751708984,0.832290470600128
10,R10A1,10,1,SAR_Dataset_port,6,7921,24.20973777771,0.829811036586761
10,R10A1,10,1,SAR_Dataset_port,6,9361,24.8094463348389,0.834172487258911
10,R10A1,10,1,SAR_Dataset_port,6,10801,24.2035484313965,0.811786890029907
10,R10A1,10,1,SAR_Dataset_port,6,12241,25.0211601257324,0.79200279712677
10,R10A1,10,1,SAR_Dataset_port,6,13681,30.1352138519287,0.875117182731628
10,R10A1,10,1,SAR_Dataset_suburb,7,705,26.7563285827637,0.836641252040863
10,R10A1,10,1,SAR_Dataset_suburb,7,2115,28.0811462402344,0.84767484664917
10,R10A1,10,1,SAR_Dataset_suburb,7,3525,28.0913696289062,0.839140713214874
10,R10A1,10,1,SAR_Dataset_suburb,7,4935,25.7474594116211,0.834862411022186
10,R10A1,10,1,SAR_Dataset_suburb,7,6345,24.286506652832,0.817440390586853
10,R10A1,10,1,SAR_Dataset_suburb,7,7756,27.6258125305176,0.815538465976715
10,R10A1,10,1,SAR_Dataset_suburb,7,9166,27.3373146057129,0.807642877101898
10,R10A1,10,1,SAR_Dataset_suburb,7,10576,26.9061431884766,0.839067101478577
10,R10A1,10,1,SAR_Dataset_suburb,7,11986,26.2654418945312,0.809578835964203
10,R10A1,10,1,SAR_Dataset_suburb,7,13396,25.3048439025879,0.826756000518799
